date,time_slot,weather,temprature,PM2.5
0101,1,1,4.0,177
0101,1,1,3.0,177
0101,2,1,3.0,177
0101,2,1,3.0,177
0101,3,1,3.0,177
0101,3,1,3.0,177
0101,4,1,3.0,177
0101,4,1,3.0,177
0101,5,1,3.0,177
0101,5,1,3.0,177
0101,6,1,3.0,177
0101,6,1,3.0,177
0101,7,1,3.0,177
0101,7,1,3.0,177
0101,8,1,3.0,177
0101,8,1,3.0,177
0101,9,1,3.0,177
0101,9,1,3.0,177
0101,10,1,3.0,177
0101,10,1,3.0,177
0101,11,1,3.0,206
0101,11,1,3.0,206
0101,12,1,3.0,206
0101,12,1,3.0,206
0101,13,1,3.0,206
0101,13,1,3.0,206
0101,14,1,3.0,206
0101,14,1,3.0,206
0101,15,1,3.0,206
0101,15,1,3.0,206
0101,16,1,3.0,206
0101,16,1,3.0,206
0101,17,1,3.0,206
0101,17,1,3.0,206
0101,18,1,3.0,205
0101,18,1,3.0,205
0101,19,1,3.0,205
0101,19,1,3.0,205
0101,20,1,3.0,205
0101,20,1,3.0,205
0101,21,1,3.0,205
0101,21,1,3.0,205
0101,22,1,3.0,205
0101,22,1,3.0,205
0101,23,1,3.0,195
0101,23,1,3.0,195
0101,24,1,3.0,195
0101,24,1,3.0,195
0101,25,1,3.0,195
0101,25,1,3.0,195
0101,26,1,3.0,195
0101,26,1,3.0,195
0101,27,1,3.0,195
0101,27,1,3.0,195
0101,28,1,3.0,195
0101,28,1,3.0,195
0101,29,1,3.0,195
0101,29,1,3.0,195
0101,30,1,3.0,184
0101,30,1,3.0,184
0101,31,1,3.0,184
0101,31,1,3.0,184
0101,32,1,3.0,184
0101,32,1,3.0,184
0101,33,1,3.0,184
0101,33,1,2.0,184
0101,34,1,2.0,184
0101,34,1,2.0,184
0101,35,1,2.0,184
0101,35,1,2.0,184
0101,36,1,2.0,184
0101,36,1,2.0,184
0101,37,1,2.0,184
0101,37,1,2.0,184
0101,38,1,2.0,184
0101,38,1,2.0,184
0101,39,1,2.0,184
0101,39,1,2.0,184
0101,40,1,2.0,184
0101,40,1,2.0,184
0101,41,1,2.0,181
0101,41,1,2.0,181
0101,42,1,2.0,181
0101,42,1,2.0,181
0101,43,1,2.0,181
0101,43,1,2.0,181
0101,44,1,2.0,181
0101,44,1,2.0,181
0101,45,1,2.0,181
0101,45,1,2.0,181
0101,46,1,2.0,181
0101,46,8,2.0,181
0101,47,8,2.0,175
0101,47,8,2.0,175
0101,48,8,2.0,175
0101,48,8,2.0,175
0101,49,8,2.0,175
0101,49,8,2.0,175
0101,50,8,2.0,175
0101,50,8,2.0,175
0101,51,8,2.0,175
0101,51,8,3.0,175
0101,52,8,3.0,175
0101,52,8,3.0,175
0101,53,8,3.0,178
0101,53,8,3.0,178
0101,54,8,3.0,178
0101,54,8,3.0,178
0101,55,8,3.0,178
0101,55,8,3.0,178
0101,56,8,3.0,178
0101,56,8,3.0,178
0101,57,8,3.0,178
0101,57,8,3.0,178
0101,58,8,3.0,178
0101,58,2,4.0,178
0101,59,2,4.0,186
0101,59,2,4.0,186
0101,60,2,4.0,186
0101,60,2,4.0,186
0101,61,2,4.0,186
0101,61,2,5.0,186
0101,62,2,5.0,186
0101,62,2,5.0,186
0101,63,2,5.0,186
0101,63,2,5.0,186
0101,64,2,5.0,186
0101,64,2,5.0,186
0101,65,2,5.0,205
0101,65,2,5.0,205
0101,66,2,5.0,205
0101,66,2,5.0,205
0101,67,2,6.0,205
0101,67,2,6.0,205
0101,68,2,6.0,205
0101,68,2,6.0,205
0101,69,2,7.0,205
0101,69,2,7.0,205
0101,70,2,7.0,205
0101,70,2,7.0,205
0101,71,2,7.0,205
0101,71,2,7.0,205
0101,72,2,7.0,229
0101,72,2,8.0,229
0101,73,2,8.0,229
0101,73,2,8.0,229
0101,74,2,8.0,229
0101,74,2,8.0,229
0101,75,2,8.0,229
0101,75,2,8.0,229
0101,76,2,9.0,229
0101,76,2,9.0,229
0101,77,2,9.0,232
0101,77,2,9.0,232
0101,78,2,9.0,232
0101,78,2,9.0,232
0101,79,2,10.0,232
0101,79,2,10.0,232
0101,80,2,10.0,232
0101,80,2,10.0,232
0101,81,2,10.0,232
0101,81,2,10.0,232
0101,82,2,10.0,232
0101,82,2,11.0,232
0101,83,2,11.0,214
0101,83,2,11.0,214
0101,84,2,11.0,214
0101,84,2,11.0,214
0101,85,2,11.0,214
0101,85,2,11.0,214
0101,86,2,11.0,214
0101,86,2,11.0,214
0101,87,2,11.0,214
0101,87,2,12.0,214
0101,88,2,12.0,214
0101,88,2,12.0,214
0101,89,2,12.0,189
0101,89,2,12.0,189
0101,90,2,12.0,189
0101,90,2,12.0,189
0101,91,2,12.0,189
0101,91,9,12.0,189
0101,92,9,12.0,189
0101,92,2,12.0,189
0101,93,2,12.0,189
0101,93,2,12.0,189
0101,94,2,12.0,189
0101,94,2,12.0,189
0101,95,2,12.0,168
0101,95,2,13.0,168
0101,96,2,13.0,168
0101,96,2,12.0,168
0101,97,2,12.0,168
0101,97,2,12.0,168
0101,98,2,12.0,168
0101,98,2,12.0,168
0101,99,2,12.0,168
0101,99,2,12.0,168
0101,100,2,12.0,168
0101,100,2,12.0,168
0101,101,2,12.0,168
0101,102,2,11.0,154
0101,103,2,11.0,154
0101,104,2,11.0,154
0101,104,2,11.0,154
0101,105,2,10.0,154
0101,105,2,10.0,154
0101,106,2,10.0,154
0101,106,2,10.0,154
0101,107,2,10.0,146
0101,107,2,10.0,146
0101,108,2,10.0,146
0101,108,2,10.0,146
0101,109,2,10.0,146
0101,109,2,9.0,146
0101,110,2,10.0,146
0101,110,2,10.0,146
0101,111,2,10.0,146
0101,111,2,10.0,146
0101,112,2,9.0,146
0101,112,2,9.0,146
0101,113,2,9.0,153
0101,113,2,9.0,153
0101,114,2,9.0,153
0101,114,2,9.0,153
0101,115,2,9.0,153
0101,115,2,9.0,153
0101,116,2,9.0,153
0101,116,2,9.0,153
0101,117,2,9.0,153
0101,117,2,9.0,153
0101,118,2,9.0,153
0101,118,2,9.0,153
0101,119,2,9.0,141
0101,119,2,9.0,141
0101,120,2,8.0,141
0101,120,2,8.0,141
0101,121,2,9.0,141
0101,123,2,8.0,141
0101,125,2,8.0,141
0101,125,2,8.0,141
0101,126,2,8.0,133
0101,126,2,8.0,133
0101,127,2,8.0,133
0101,127,3,8.0,133
0101,128,3,8.0,133
0101,128,2,8.0,133
0101,129,2,8.0,133
0101,129,2,8.0,133
0101,130,2,8.0,133
0101,130,2,8.0,133
0101,131,2,8.0,128
0101,131,2,8.0,128
0101,132,2,8.0,128
0101,132,2,8.0,128
0101,133,2,8.0,128
0101,133,2,8.0,128
0101,134,2,8.0,128
0101,134,2,8.0,128
0101,135,2,8.0,128
0101,135,2,8.0,128
0101,136,2,8.0,128
0101,136,2,8.0,128
0101,137,2,8.0,126
0101,137,2,8.0,126
0101,138,2,8.0,126
0101,138,2,8.0,126
0101,139,2,8.0,126
0101,139,2,8.0,126
0101,140,2,8.0,126
0101,140,2,8.0,126
0101,141,2,8.0,126
0101,141,2,8.0,126
0101,142,2,8.0,126
0101,142,2,8.0,126
0101,143,2,8.0,131
0101,143,2,8.0,131
0101,144,2,8.0,131
0101,144,2,8.0,131
0102,1,2,8.0,131
0102,1,2,8.0,131
0102,2,2,8.0,131
0102,2,2,8.0,131
0102,3,2,8.0,131
0102,3,2,8.0,131
0102,4,2,8.0,131
0102,4,2,8.0,131
0102,5,2,8.0,140
0102,5,2,8.0,140
0102,6,2,8.0,140
0102,6,2,8.0,140
0102,7,2,8.0,140
0102,7,2,8.0,140
0102,8,2,8.0,140
0102,8,2,8.0,140
0102,9,2,8.0,140
0102,9,2,8.0,140
0102,10,2,8.0,140
0102,10,2,8.0,140
0102,11,2,8.0,163
0102,11,2,8.0,163
0102,12,2,8.0,163
0102,12,2,8.0,163
0102,13,2,8.0,163
0102,13,2,8.0,163
0102,14,2,8.0,163
0102,14,2,8.0,163
0102,15,2,8.0,163
0102,15,2,8.0,163
0102,16,2,8.0,163
0102,16,2,8.0,163
0102,17,2,8.0,173
0102,17,2,8.0,173
0102,18,2,8.0,173
0102,18,2,8.0,173
0102,19,2,8.0,173
0102,19,2,8.0,173
0102,20,2,8.0,173
0102,20,2,8.0,173
0102,21,2,8.0,173
0102,21,2,8.0,173
0102,22,2,8.0,173
0102,22,2,8.0,173
0102,23,2,8.0,179
0102,23,2,8.0,179
0102,24,2,8.0,179
0102,24,2,8.0,179
0102,25,2,8.0,179
0102,25,2,8.0,179
0102,26,2,8.0,179
0102,26,2,8.0,179
0102,27,2,8.0,179
0102,27,2,8.0,179
0102,28,2,8.0,179
0102,28,2,8.0,179
0102,29,2,8.0,179
0102,29,2,8.0,179
0102,30,2,8.0,179
0102,30,2,8.0,179
0102,31,2,8.0,179
0102,31,2,8.0,179
0102,32,2,8.0,179
0102,32,2,8.0,179
0102,33,2,8.0,179
0102,33,2,7.0,179
0102,34,2,7.0,179
0102,34,2,7.0,179
0102,35,2,7.0,179
0102,35,2,7.0,179
0102,36,2,7.0,174
0102,36,2,7.0,174
0102,37,2,7.0,174
0102,37,2,7.0,174
0102,38,2,7.0,174
0102,38,2,7.0,174
0102,39,2,7.0,174
0102,39,2,7.0,174
0102,40,2,7.0,174
0102,40,2,7.0,174
0102,41,2,7.0,170
0102,41,2,7.0,170
0102,42,2,7.0,170
0102,42,2,7.0,170
0102,43,2,7.0,170
0102,43,2,7.0,170
0102,44,2,7.0,170
0102,44,2,7.0,170
0102,45,2,7.0,170
0102,45,2,7.0,170
0102,46,2,7.0,170
0102,46,2,7.0,170
0102,47,2,7.0,166
0102,47,2,6.0,166
0102,48,2,6.0,166
0102,48,2,7.0,166
0102,49,2,7.0,166
0102,49,2,7.0,166
0102,50,2,7.0,166
0102,50,2,7.0,166
0102,51,2,7.0,166
0102,51,2,7.0,166
0102,52,2,7.0,166
0102,52,2,7.0,166
0102,53,2,7.0,160
0102,53,2,8.0,160
0102,54,2,8.0,160
0102,54,2,8.0,160
0102,55,2,8.0,160
0102,55,2,8.0,160
0102,56,2,8.0,160
0102,56,2,8.0,160
0102,57,2,8.0,160
0102,57,2,9.0,160
0102,58,2,9.0,160
0102,58,2,9.0,160
0102,59,2,9.0,160
0102,59,2,9.0,160
0102,60,2,9.0,160
0102,60,3,9.0,160
0102,61,3,9.0,160
0102,61,3,9.0,160
0102,62,3,10.0,160
0102,62,3,10.0,160
0102,63,3,10.0,160
0102,63,3,11.0,160
0102,64,3,11.0,160
0102,64,3,11.0,160
0102,65,3,12.0,161
0102,65,3,12.0,161
0102,66,3,12.0,161
0102,66,3,12.0,161
0102,67,3,12.0,161
0102,67,3,12.0,161
0102,68,3,12.0,161
0102,68,3,13.0,161
0102,69,3,13.0,161
0102,69,3,13.0,161
0102,70,3,13.0,161
0102,70,3,14.0,161
0102,71,3,14.0,167
0102,71,3,14.0,167
0102,72,3,14.0,167
0102,72,3,14.0,167
0102,73,3,15.0,167
0102,73,9,15.0,167
0102,74,9,15.0,167
0102,74,2,15.0,167
0102,75,2,15.0,167
0102,75,2,15.0,167
0102,76,2,15.0,167
0102,76,2,15.0,167
0102,77,2,15.0,156
0102,77,2,15.0,156
0102,78,2,15.0,156
0102,78,2,15.0,156
0102,79,2,15.0,156
0102,79,2,15.0,156
0102,80,2,15.0,156
0102,80,2,15.0,156
0102,81,2,15.0,156
0102,81,2,15.0,156
0102,82,2,15.0,156
0102,82,2,15.0,156
0102,83,2,15.0,142
0102,83,2,15.0,142
0102,84,2,16.0,142
0102,84,2,16.0,142
0102,85,2,16.0,142
0102,85,2,16.0,142
0102,86,2,16.0,142
0102,86,2,16.0,142
0102,87,2,16.0,142
0102,87,2,16.0,142
0102,88,2,16.0,142
0102,88,2,16.0,142
0102,89,2,16.0,142
0102,89,2,16.0,142
0102,90,2,16.0,114
0102,90,2,16.0,114
0102,91,2,16.0,114
0102,91,9,16.0,114
0102,92,9,16.0,114
0102,92,2,17.0,114
0102,93,2,17.0,114
0102,93,2,17.0,114
0102,94,2,17.0,114
0102,94,2,17.0,114
0102,95,2,17.0,103
0102,95,2,18.0,103
0102,96,2,18.0,103
0102,96,2,17.0,103
0102,97,2,17.0,103
0102,97,2,17.0,103
0102,98,2,17.0,103
0102,98,2,17.0,103
0102,99,2,17.0,103
0102,99,2,17.0,103
0102,100,2,17.0,103
0102,100,2,17.0,103
0102,101,2,17.0,91
0102,101,2,16.0,91
0102,102,2,16.0,91
0102,102,2,16.0,91
0102,103,2,16.0,91
0102,103,2,15.0,91
0102,104,2,15.0,91
0102,104,2,15.0,91
0102,105,2,15.0,91
0102,105,2,15.0,91
0102,106,2,14.0,91
0102,106,2,14.0,91
0102,107,2,14.0,85
0102,107,2,14.0,85
0102,108,2,14.0,85
0102,108,2,13.0,85
0102,109,2,14.0,85
0102,109,9,14.0,85
0102,110,9,14.0,85
0102,110,2,14.0,85
0102,111,2,14.0,85
0102,111,2,13.0,85
0102,112,2,13.0,85
0102,112,2,14.0,85
0102,113,2,14.0,86
0102,113,2,13.0,86
0102,114,2,13.0,86
0102,114,2,13.0,86
0102,115,2,13.0,86
0102,115,2,13.0,86
0102,116,2,13.0,86
0102,116,2,13.0,86
0102,117,2,13.0,86
0102,117,2,13.0,86
0102,118,2,13.0,86
0102,118,2,13.0,86
0102,119,2,13.0,100
0102,119,2,13.0,100
0102,120,2,12.0,100
0102,120,2,12.0,100
0102,121,2,13.0,100
0102,121,2,13.0,100
0102,122,2,13.0,100
0102,122,2,12.0,100
0102,123,2,12.0,100
0102,123,2,12.0,100
0102,124,2,12.0,100
0102,124,2,12.0,100
0102,125,2,12.0,118
0102,125,2,11.0,118
0102,126,2,11.0,118
0102,126,2,12.0,118
0102,127,2,12.0,118
0102,127,3,12.0,118
0102,128,3,11.0,118
0102,128,2,11.0,118
0102,129,2,11.0,118
0102,129,2,11.0,118
0102,130,2,11.0,118
0102,130,2,11.0,118
0102,131,2,11.0,131
0102,131,2,11.0,131
0102,132,2,11.0,131
0102,132,4,11.0,131
0102,133,4,11.0,131
0102,133,4,11.0,131
0102,134,4,11.0,131
0102,134,4,11.0,131
0102,135,4,11.0,131
0102,135,4,11.0,131
0102,136,4,11.0,131
0102,136,4,11.0,131
0102,137,4,11.0,146
0102,137,4,10.0,146
0102,138,4,10.0,146
0102,138,4,10.0,146
0102,139,4,10.0,146
0102,139,4,10.0,146
0102,140,4,10.0,146
0102,140,4,11.0,146
0102,141,4,11.0,146
0102,141,4,10.0,146
0102,142,4,10.0,146
0102,142,4,10.0,146
0102,143,4,10.0,151
0102,143,4,10.0,151
0102,144,4,10.0,151
0102,144,4,10.0,151
0103,1,4,10.0,151
0103,1,4,10.0,151
0103,2,4,10.0,151
0103,2,4,10.0,151
0103,3,4,10.0,151
0103,3,4,10.0,151
0103,4,4,10.0,151
0103,4,4,10.0,151
0103,5,4,10.0,147
0103,5,4,10.0,147
0103,6,4,10.0,147
0103,6,4,10.0,147
0103,7,4,10.0,147
0103,7,4,10.0,147
0103,8,4,10.0,147
0103,8,4,10.0,147
0103,9,4,10.0,147
0103,9,4,10.0,147
0103,10,4,10.0,147
0103,10,4,10.0,147
0103,11,4,10.0,161
0103,11,4,10.0,161
0103,12,4,10.0,161
0103,12,4,10.0,161
0103,13,4,10.0,161
0103,13,4,10.0,161
0103,14,4,10.0,161
0103,14,4,10.0,161
0103,15,4,10.0,161
0103,15,4,10.0,161
0103,16,4,10.0,161
0103,16,4,10.0,161
0103,17,4,10.0,155
0103,17,4,10.0,155
0103,18,4,10.0,155
0103,18,4,10.0,155
0103,19,4,10.0,155
0103,19,4,10.0,155
0103,20,4,10.0,155
0103,20,4,10.0,155
0103,21,4,10.0,155
0103,21,4,10.0,155
0103,22,4,10.0,155
0103,22,4,10.0,155
0103,23,4,10.0,155
0103,23,4,10.0,155
0103,24,4,10.0,155
0103,24,4,10.0,155
0103,25,4,10.0,155
0103,25,4,10.0,155
0103,26,4,10.0,155
0103,26,4,10.0,155
0103,27,4,10.0,155
0103,27,4,10.0,155
0103,28,4,10.0,155
0103,28,4,10.0,155
0103,29,4,10.0,155
0103,29,4,10.0,155
0103,30,4,10.0,148
0103,30,4,10.0,148
0103,31,4,10.0,148
0103,31,4,10.0,148
0103,32,4,10.0,148
0103,32,4,10.0,148
0103,33,4,10.0,148
0103,33,4,10.0,148
0103,34,4,10.0,148
0103,34,4,10.0,148
0103,35,4,10.0,145
0103,35,4,9.0,145
0103,36,4,9.0,145
0103,36,4,9.0,145
0103,37,4,9.0,145
0103,37,4,9.0,145
0103,38,4,9.0,145
0103,38,4,9.0,145
0103,39,4,9.0,145
0103,39,4,9.0,145
0103,40,4,9.0,145
0103,40,4,9.0,145
0103,41,4,9.0,145
0103,41,4,9.0,145
0103,42,4,9.0,142
0103,42,2,9.0,142
0103,43,2,9.0,142
0103,43,2,9.0,142
0103,44,2,9.0,142
0103,44,2,9.0,142
0103,45,2,9.0,142
0103,45,2,9.0,142
0103,46,2,9.0,142
0103,46,2,9.0,142
0103,47,2,9.0,142
0103,47,2,9.0,142
0103,48,2,9.0,139
0103,48,2,9.0,139
0103,49,2,9.0,139
0103,49,2,9.0,139
0103,50,2,9.0,139
0103,50,2,9.0,139
0103,51,2,9.0,139
0103,51,2,9.0,139
0103,52,2,9.0,139
0103,52,2,9.0,139
0103,53,2,9.0,140
0103,53,2,10.0,140
0103,54,2,10.0,140
0103,54,2,10.0,140
0103,55,2,10.0,140
0103,55,3,10.0,140
0103,56,3,10.0,140
0103,56,2,10.0,140
0103,57,2,11.0,140
0103,57,2,11.0,140
0103,58,2,11.0,140
0103,59,2,11.0,143
0103,59,2,11.0,143
0103,60,2,11.0,143
0103,60,2,12.0,143
0103,61,2,13.0,143
0103,61,2,13.0,143
0103,62,2,13.0,143
0103,62,2,13.0,143
0103,63,2,13.0,143
0103,63,2,13.0,143
0103,64,2,13.0,143
0103,64,2,14.0,143
0103,65,2,14.0,143
0103,65,2,14.0,143
0103,66,2,14.0,146
0103,66,2,14.0,146
0103,67,2,14.0,146
0103,67,2,14.0,146
0103,68,2,14.0,146
0103,68,2,15.0,146
0103,69,2,15.0,146
0103,69,2,15.0,146
0103,70,2,15.0,146
0103,70,2,15.0,146
0103,71,2,16.0,159
0103,71,2,16.0,159
0103,72,2,16.0,159
0103,72,2,16.0,159
0103,73,2,16.0,159
0103,73,2,16.0,159
0103,74,2,16.0,159
0103,74,2,17.0,159
0103,75,2,17.0,159
0103,75,2,17.0,159
0103,76,2,17.0,159
0103,76,2,17.0,159
0103,77,2,17.0,167
0103,77,2,17.0,167
0103,78,2,17.0,167
0103,78,2,17.0,167
0103,79,2,17.0,167
0103,79,2,17.0,167
0103,80,2,17.0,167
0103,80,2,17.0,167
0103,81,2,17.0,167
0103,81,2,17.0,167
0103,82,2,18.0,167
0103,82,2,18.0,167
0103,83,2,18.0,167
0103,83,2,18.0,167
0103,84,2,18.0,167
0103,84,2,18.0,167
0103,85,2,18.0,167
0103,85,2,18.0,167
0103,86,2,18.0,167
0103,86,2,19.0,167
0103,87,2,19.0,167
0103,87,2,19.0,167
0103,88,2,19.0,152
0103,88,2,19.0,152
0103,89,2,19.0,130
0103,89,2,19.0,130
0103,90,2,19.0,130
0103,90,2,19.0,130
0103,91,2,19.0,130
0103,91,2,19.0,130
0103,92,2,19.0,130
0103,92,2,19.0,130
0103,93,2,19.0,130
0103,93,2,19.0,130
0103,94,2,19.0,130
0103,94,2,19.0,130
0103,95,2,19.0,132
0103,95,2,19.0,132
0103,96,2,19.0,132
0103,96,2,19.0,132
0103,97,2,19.0,132
0103,97,2,19.0,132
0103,98,2,19.0,132
0103,98,2,19.0,132
0103,99,2,19.0,132
0103,99,2,19.0,132
0103,100,2,19.0,132
0103,100,2,19.0,132
0103,101,2,18.0,134
0103,101,2,18.0,134
0103,102,2,18.0,134
0103,102,2,18.0,134
0103,103,2,18.0,134
0103,103,2,18.0,134
0103,104,2,17.0,134
0103,105,2,17.0,134
0103,105,2,17.0,134
0103,106,2,17.0,134
0103,106,2,17.0,134
0103,107,2,17.0,139
0103,108,2,16.0,139
0103,108,2,16.0,139
0103,109,2,16.0,139
0103,109,2,16.0,139
0103,110,2,16.0,139
0103,110,2,16.0,139
0103,111,2,16.0,139
0103,111,2,16.0,139
0103,112,2,15.0,139
0103,112,2,15.0,139
0103,113,2,15.0,139
0103,113,2,15.0,139
0103,114,2,15.0,153
0103,114,2,15.0,153
0103,115,2,15.0,153
0103,115,2,15.0,153
0103,116,2,15.0,153
0103,116,2,15.0,153
0103,117,2,15.0,153
0103,117,2,15.0,153
0103,118,2,15.0,153
0103,118,2,15.0,153
0103,119,2,15.0,172
0103,119,2,15.0,172
0103,120,2,15.0,172
0103,120,2,15.0,172
0103,121,2,15.0,172
0103,121,2,15.0,172
0103,122,2,15.0,172
0103,122,2,15.0,172
0103,123,2,15.0,172
0103,123,2,15.0,172
0103,124,2,15.0,172
0103,124,2,15.0,172
0103,125,2,15.0,188
0103,125,2,15.0,188
0103,126,2,15.0,188
0103,126,2,15.0,188
0103,127,2,15.0,188
0103,127,3,15.0,188
0103,128,3,15.0,188
0103,128,2,15.0,188
0103,129,2,15.0,188
0103,129,2,15.0,188
0103,130,2,15.0,188
0103,130,2,15.0,188
0103,131,2,15.0,193
0103,131,2,15.0,193
0103,132,2,15.0,193
0103,132,2,14.0,193
0103,133,2,14.0,193
0103,133,2,14.0,193
0103,134,2,14.0,193
0103,134,2,14.0,193
0103,135,2,14.0,193
0103,135,2,14.0,193
0103,136,2,14.0,193
0103,136,2,14.0,193
0103,137,2,14.0,192
0103,137,2,14.0,192
0103,138,2,14.0,192
0103,138,2,14.0,192
0103,139,2,14.0,192
0103,139,2,14.0,192
0103,140,2,14.0,192
0103,140,2,14.0,192
0103,141,2,14.0,192
0103,141,2,14.0,192
0103,142,2,14.0,192
0103,142,2,14.0,192
0103,143,2,14.0,187
0103,143,2,13.0,187
0103,144,2,13.0,187
0103,144,2,13.0,187
0104,1,2,13.0,187
0104,1,2,13.0,187
0104,2,2,13.0,187
0104,2,2,13.0,187
0104,3,2,13.0,187
0104,3,2,13.0,187
0104,4,2,13.0,187
0104,4,2,13.0,187
0104,5,2,13.0,192
0104,5,2,13.0,192
0104,6,2,13.0,192
0104,6,2,13.0,192
0104,7,2,13.0,192
0104,7,2,13.0,192
0104,8,2,13.0,192
0104,8,2,13.0,192
0104,9,2,13.0,192
0104,9,2,13.0,192
0104,10,2,13.0,192
0104,10,2,13.0,192
0104,11,2,13.0,202
0104,11,2,13.0,202
0104,12,2,13.0,202
0104,12,2,13.0,202
0104,13,2,13.0,202
0104,13,2,13.0,202
0104,14,2,13.0,202
0104,14,2,13.0,202
0104,15,2,13.0,202
0104,15,2,13.0,202
0104,16,2,13.0,202
0104,16,2,13.0,202
0104,17,2,13.0,202
0104,17,2,13.0,202
0104,18,2,13.0,202
0104,18,2,13.0,202
0104,19,2,13.0,202
0104,19,2,13.0,202
0104,20,2,13.0,202
0104,20,2,13.0,202
0104,21,2,12.0,202
0104,21,2,12.0,202
0104,22,2,12.0,202
0104,22,8,12.0,202
0104,23,8,12.0,202
0104,23,8,12.0,202
0104,24,8,12.0,202
0104,24,4,12.0,202
0104,25,4,12.0,202
0104,25,4,12.0,202
0104,26,4,12.0,202
0104,26,4,12.0,202
0104,27,4,12.0,202
0104,27,4,12.0,202
0104,28,4,12.0,202
0104,28,4,12.0,202
0104,29,4,12.0,202
0104,29,4,12.0,202
0104,30,4,12.0,202
0104,30,4,12.0,202
0104,31,4,12.0,206
0104,31,4,12.0,206
0104,32,4,12.0,206
0104,32,4,11.0,206
0104,33,4,11.0,206
0104,33,4,11.0,206
0104,34,4,11.0,206
0104,34,4,11.0,206
0104,35,4,11.0,212
0104,35,4,12.0,212
0104,36,4,12.0,212
0104,36,4,12.0,212
0104,37,4,12.0,212
0104,37,8,12.0,212
0104,38,8,12.0,212
0104,38,4,12.0,212
0104,39,4,12.0,212
0104,39,4,12.0,212
0104,40,4,12.0,212
0104,40,4,12.0,212
0104,41,4,12.0,212
0104,41,4,12.0,212
0104,42,4,11.0,212
0104,42,8,11.0,212
0104,43,8,11.0,212
0104,43,8,11.0,212
0104,44,8,11.0,212
0104,44,8,11.0,212
0104,45,8,11.0,212
0104,45,8,11.0,212
0104,46,8,11.0,206
0104,46,8,11.0,206
0104,47,8,11.0,208
0104,47,8,11.0,208
0104,48,8,11.0,208
0104,48,8,11.0,208
0104,49,8,11.0,208
0104,49,8,11.0,208
0104,50,8,11.0,208
0104,50,8,12.0,208
0104,51,8,12.0,208
0104,51,8,12.0,208
0104,52,8,12.0,208
0104,52,8,12.0,208
0104,53,8,12.0,209
0104,53,8,12.0,209
0104,54,8,12.0,209
0104,54,8,12.0,209
0104,55,8,12.0,209
0104,55,4,12.0,209
0104,56,4,12.0,209
0104,56,8,12.0,209
0104,57,8,12.0,209
0104,57,8,12.0,209
0104,58,8,12.0,209
0104,58,8,12.0,209
0104,59,8,12.0,202
0104,59,8,12.0,202
0104,60,8,12.0,202
0104,60,4,12.0,202
0104,61,4,12.0,202
0104,61,4,12.0,202
0104,62,4,12.0,202
0104,62,4,12.0,202
0104,63,4,12.0,202
0104,63,4,12.0,202
0104,64,4,12.0,202
0104,64,4,12.0,202
0104,65,4,12.0,205
0104,65,4,12.0,205
0104,66,4,12.0,205
0104,66,4,12.0,205
0104,67,4,12.0,205
0104,67,4,12.0,205
0104,68,4,12.0,205
0104,68,4,12.0,205
0104,69,4,12.0,205
0104,69,4,12.0,205
0104,70,4,13.0,205
0104,71,4,13.0,219
0104,71,4,13.0,219
0104,72,4,13.0,219
0104,72,4,13.0,219
0104,73,4,13.0,219
0104,73,4,12.0,219
0104,74,4,12.0,219
0104,75,4,12.0,219
0104,75,4,12.0,219
0104,76,4,12.0,219
0104,76,4,12.0,219
0104,77,4,12.0,219
0104,77,4,12.0,219
0104,78,4,12.0,217
0104,78,4,12.0,217
0104,79,4,12.0,217
0104,79,4,12.0,217
0104,80,4,12.0,217
0104,80,4,12.0,217
0104,81,4,12.0,217
0104,82,4,12.0,217
0104,82,4,12.0,217
0104,83,4,12.0,222
0104,83,4,12.0,222
0104,84,4,12.0,222
0104,84,4,12.0,222
0104,85,4,12.0,222
0104,85,4,12.0,222
0104,86,4,12.0,222
0104,86,4,12.0,222
0104,87,4,12.0,222
0104,87,4,12.0,222
0104,88,4,12.0,222
0104,88,4,12.0,222
0104,89,4,13.0,228
0104,89,4,13.0,228
0104,90,4,12.0,228
0104,90,4,12.0,228
0104,91,4,12.0,228
0104,91,4,12.0,228
0104,92,4,12.0,228
0104,92,4,12.0,228
0104,93,4,12.0,228
0104,93,4,12.0,228
0104,94,4,12.0,228
0104,94,4,12.0,228
0104,95,4,12.0,237
0104,95,4,12.0,237
0104,96,4,12.0,237
0104,96,4,12.0,237
0104,97,4,13.0,237
0104,97,4,13.0,237
0104,98,4,13.0,237
0104,98,4,13.0,237
0104,99,4,13.0,237
0104,99,4,12.0,237
0104,100,4,12.0,237
0104,100,4,12.0,237
0104,101,4,12.0,237
0104,101,4,12.0,237
0104,102,4,12.0,237
0104,102,4,12.0,237
0104,103,4,12.0,234
0104,103,4,12.0,234
0104,104,4,12.0,234
0104,104,4,12.0,234
0104,105,4,12.0,234
0104,105,4,12.0,234
0104,106,4,12.0,234
0104,106,4,12.0,234
0104,107,4,12.0,234
0104,107,4,12.0,234
0104,108,4,12.0,241
0104,108,3,12.0,241
0104,109,3,12.0,241
0104,109,3,12.0,241
0104,110,3,12.0,241
0104,110,4,12.0,241
0104,111,4,12.0,241
0104,111,4,12.0,241
0104,112,4,12.0,241
0104,112,4,12.0,241
0104,113,4,12.0,226
0104,113,4,12.0,226
0104,114,4,12.0,226
0104,114,8,12.0,226
0104,115,8,12.0,226
0104,115,8,12.0,226
0104,116,8,12.0,226
0104,116,8,12.0,226
0104,117,8,12.0,226
0104,117,8,12.0,226
0104,118,8,12.0,226
0104,118,8,12.0,226
0104,119,8,12.0,211
0104,119,8,12.0,211
0104,120,8,12.0,211
0104,120,8,12.0,211
0104,121,8,12.0,211
0104,121,8,12.0,211
0104,122,8,12.0,211
0104,122,4,12.0,211
0104,123,4,12.0,211
0104,123,4,12.0,211
0104,124,4,12.0,211
0104,124,4,12.0,211
0104,125,4,12.0,211
0104,125,4,12.0,211
0104,126,4,12.0,211
0104,126,4,12.0,211
0104,127,4,12.0,211
0104,127,3,12.0,211
0104,128,3,12.0,211
0104,128,4,12.0,211
0104,129,4,12.0,211
0104,129,4,12.0,211
0104,130,4,12.0,194
0104,130,4,12.0,194
0104,131,4,12.0,194
0104,131,4,12.0,194
0104,132,4,12.0,194
0104,132,4,12.0,194
0104,133,4,12.0,194
0104,133,4,12.0,194
0104,134,4,12.0,194
0104,134,4,12.0,194
0104,135,4,12.0,194
0104,135,4,12.0,194
0104,136,4,12.0,176
0104,136,4,12.0,176
0104,137,4,12.0,176
0104,137,4,12.0,176
0104,138,4,12.0,176
0104,138,4,12.0,176
0104,139,4,12.0,176
0104,139,4,12.0,176
0104,140,4,12.0,176
0104,140,4,12.0,176
0104,141,4,12.0,176
0104,141,4,12.0,176
0104,142,4,12.0,172
0104,142,4,12.0,172
0104,143,4,12.0,172
0104,143,4,12.0,172
0104,144,4,12.0,170
0104,144,4,12.0,170
0105,1,4,12.0,170
0105,1,8,12.0,170
0105,2,8,12.0,170
0105,2,4,12.0,170
0105,3,4,12.0,170
0105,3,4,12.0,170
0105,4,4,12.0,170
0105,4,4,12.0,170
0105,5,4,12.0,165
0105,5,8,12.0,165
0105,6,8,12.0,165
0105,6,8,12.0,165
0105,7,8,12.0,165
0105,7,8,12.0,165
0105,8,8,12.0,165
0105,8,8,12.0,165
0105,9,8,12.0,165
0105,9,8,12.0,165
0105,10,8,11.0,165
0105,10,8,11.0,165
0105,11,8,11.0,159
0105,11,8,11.0,159
0105,12,8,11.0,159
0105,12,8,11.0,159
0105,13,8,11.0,159
0105,13,8,11.0,159
0105,14,8,11.0,159
0105,14,8,11.0,159
0105,15,8,11.0,159
0105,15,8,11.0,159
0105,16,8,11.0,159
0105,16,8,11.0,159
0105,17,8,11.0,159
0105,17,8,11.0,159
0105,18,8,11.0,148
0105,18,8,11.0,148
0105,19,8,11.0,148
0105,19,4,11.0,148
0105,20,4,11.0,148
0105,20,8,11.0,148
0105,21,8,11.0,148
0105,21,8,11.0,148
0105,22,8,11.0,148
0105,22,8,11.0,148
0105,23,8,11.0,139
0105,23,8,11.0,139
0105,24,8,11.0,139
0105,24,4,11.0,139
0105,25,4,11.0,139
0105,25,4,11.0,139
0105,26,4,11.0,139
0105,26,4,11.0,139
0105,27,4,11.0,139
0105,27,4,11.0,139
0105,28,4,11.0,139
0105,28,4,11.0,139
0105,29,4,11.0,139
0105,29,4,11.0,139
0105,30,4,11.0,139
0105,30,4,11.0,139
0105,31,4,11.0,139
0105,31,4,11.0,139
0105,32,4,11.0,139
0105,32,4,11.0,139
0105,33,4,11.0,139
0105,33,4,11.0,139
0105,34,4,11.0,127
0105,34,4,11.0,127
0105,35,4,11.0,127
0105,35,4,11.0,127
0105,36,4,11.0,127
0105,36,4,11.0,127
0105,37,4,11.0,117
0105,37,4,11.0,117
0105,38,4,11.0,117
0105,38,4,11.0,117
0105,39,4,11.0,117
0105,39,4,11.0,117
0105,40,4,11.0,117
0105,40,4,10.0,117
0105,41,4,10.0,88
0105,41,4,10.0,88
0105,42,4,10.0,88
0105,42,4,10.0,88
0105,43,4,10.0,88
0105,43,4,10.0,88
0105,44,4,10.0,88
0105,44,4,10.0,88
0105,45,4,10.0,88
0105,45,4,10.0,88
0105,46,4,10.0,88
0105,46,4,10.0,88
0105,47,4,10.0,57
0105,47,4,10.0,57
0105,48,4,10.0,57
0105,48,4,10.0,57
0105,49,4,10.0,57
0105,49,4,10.0,57
0105,50,4,10.0,57
0105,50,4,10.0,57
0105,51,4,10.0,57
0105,51,4,10.0,57
0105,52,4,10.0,57
0105,52,4,10.0,57
0105,53,4,10.0,32
0105,53,4,9.0,32
0105,54,4,9.0,32
0105,54,4,9.0,32
0105,55,4,9.0,32
0105,55,3,9.0,32
0105,56,3,9.0,32
0105,56,4,9.0,32
0105,57,4,9.0,32
0105,57,4,9.0,32
0105,58,4,9.0,32
0105,58,4,9.0,32
0105,59,4,9.0,29
0105,59,4,9.0,29
0105,60,4,9.0,29
0105,60,4,9.0,29
0105,61,4,9.0,29
0105,61,4,9.0,29
0105,62,4,9.0,29
0105,62,4,9.0,29
0105,63,4,9.0,29
0105,63,4,9.0,29
0105,64,4,9.0,29
0105,64,4,9.0,29
0105,65,4,9.0,26
0105,65,4,9.0,26
0105,66,4,9.0,26
0105,66,4,9.0,26
0105,67,4,9.0,26
0105,67,4,9.0,26
0105,68,4,8.0,26
0105,68,4,8.0,26
0105,69,4,8.0,26
0105,69,4,8.0,26
0105,70,4,8.0,26
0105,70,4,8.0,26
0105,71,4,8.0,30
0105,71,4,8.0,30
0105,72,4,8.0,30
0105,72,4,8.0,30
0105,73,4,8.0,30
0105,73,4,8.0,30
0105,74,4,8.0,30
0105,74,4,8.0,30
0105,75,4,8.0,30
0105,75,4,8.0,30
0105,76,4,8.0,30
0105,76,4,8.0,30
0105,77,4,8.0,31
0105,77,4,8.0,31
0105,78,4,8.0,31
0105,78,4,8.0,31
0105,79,4,8.0,31
0105,79,4,8.0,31
0105,80,4,8.0,31
0105,80,4,8.0,31
0105,81,4,8.0,31
0105,81,4,8.0,31
0105,82,4,8.0,31
0105,82,4,8.0,31
0105,83,4,8.0,34
0105,83,4,8.0,34
0105,84,4,8.0,34
0105,84,4,8.0,34
0105,85,4,8.0,34
0105,85,4,8.0,34
0105,86,4,8.0,34
0105,86,4,8.0,34
0105,87,4,8.0,34
0105,87,4,8.0,34
0105,88,4,8.0,34
0105,88,4,8.0,34
0105,89,4,8.0,38
0105,89,4,8.0,38
0105,90,4,8.0,38
0105,90,4,8.0,38
0105,91,4,8.0,38
0105,91,4,8.0,38
0105,92,4,8.0,38
0105,92,4,8.0,38
0105,93,4,8.0,38
0105,93,4,8.0,38
0105,94,4,8.0,38
0105,94,4,8.0,38
0105,95,4,8.0,39
0105,95,4,8.0,39
0105,96,4,8.0,39
0105,96,4,8.0,39
0105,97,4,8.0,39
0105,97,4,8.0,39
0105,98,4,8.0,39
0105,98,4,8.0,39
0105,99,4,8.0,39
0105,99,4,8.0,39
0105,100,4,8.0,39
0105,100,4,8.0,39
0105,101,4,8.0,39
0105,101,4,8.0,39
0105,102,4,8.0,40
0105,102,4,8.0,40
0105,103,4,8.0,40
0105,103,4,8.0,40
0105,104,4,8.0,40
0105,104,4,8.0,40
0105,105,4,8.0,40
0105,105,4,8.0,40
0105,106,4,8.0,40
0105,106,4,8.0,40
0105,107,4,8.0,42
0105,107,4,8.0,42
0105,108,4,8.0,42
0105,108,4,8.0,42
0105,109,4,8.0,42
0105,109,4,8.0,42
0105,110,4,8.0,42
0105,110,4,8.0,42
0105,111,4,8.0,42
0105,112,4,8.0,42
0105,113,4,8.0,44
0105,113,4,8.0,44
0105,114,4,8.0,44
0105,114,4,8.0,44
0105,115,4,8.0,44
0105,115,4,8.0,44
0105,116,4,8.0,44
0105,116,4,8.0,44
0105,117,4,8.0,44
0105,117,4,8.0,44
0105,118,4,8.0,44
0105,118,4,8.0,44
0105,119,4,8.0,46
0105,119,4,8.0,46
0105,120,4,8.0,46
0105,120,4,8.0,46
0105,121,4,8.0,46
0105,121,4,8.0,46
0105,122,4,8.0,46
0105,122,4,8.0,46
0105,123,4,8.0,46
0105,123,4,8.0,46
0105,124,4,8.0,46
0105,124,4,8.0,46
0105,125,4,8.0,48
0105,125,4,8.0,48
0105,126,4,8.0,48
0105,126,4,8.0,48
0105,127,4,8.0,48
0105,127,4,8.0,48
0105,128,4,8.0,48
0105,128,4,8.0,48
0105,129,4,8.0,48
0105,129,4,8.0,48
0105,130,4,8.0,48
0105,130,4,8.0,48
0105,131,4,8.0,48
0105,131,4,8.0,48
0105,132,4,8.0,48
0105,132,4,8.0,48
0105,133,4,8.0,48
0105,133,4,8.0,48
0105,134,4,8.0,48
0105,134,4,8.0,48
0105,135,4,8.0,48
0105,135,4,8.0,48
0105,136,4,8.0,52
0105,136,4,8.0,52
0105,137,4,8.0,52
0105,137,4,8.0,52
0105,138,4,8.0,52
0105,138,4,8.0,52
0105,139,4,8.0,52
0105,139,4,8.0,52
0105,140,4,8.0,52
0105,140,4,8.0,52
0105,141,4,8.0,52
0105,141,4,8.0,52
0105,142,4,8.0,55
0105,142,4,8.0,55
0105,143,4,8.0,53
0105,143,4,8.0,53
0105,144,4,8.0,53
0105,144,4,8.0,53
0106,1,4,8.0,53
0106,1,4,8.0,53
0106,2,4,8.0,53
0106,2,4,8.0,53
0106,3,4,8.0,53
0106,3,4,8.0,53
0106,4,4,8.0,53
0106,4,4,8.0,53
0106,5,4,8.0,56
0106,5,8,8.0,56
0106,6,8,8.0,56
0106,6,8,8.0,56
0106,7,8,8.0,56
0106,7,8,8.0,56
0106,8,8,8.0,56
0106,8,8,8.0,56
0106,9,8,8.0,56
0106,9,8,8.0,56
0106,10,8,8.0,56
0106,10,3,8.0,56
0106,11,3,8.0,55
0106,11,3,8.0,55
0106,12,3,8.0,55
0106,12,3,8.0,55
0106,13,3,8.0,55
0106,13,3,8.0,55
0106,14,3,8.0,55
0106,14,3,8.0,55
0106,15,3,8.0,55
0106,15,3,8.0,55
0106,16,3,8.0,55
0106,16,3,8.0,55
0106,17,3,8.0,55
0106,17,3,8.0,55
0106,18,3,8.0,45
0106,18,3,8.0,45
0106,19,3,8.0,45
0106,19,4,7.0,45
0106,20,4,7.0,45
0106,20,3,7.0,45
0106,21,3,7.0,45
0106,21,3,7.0,45
0106,22,3,7.0,45
0106,22,3,7.0,45
0106,23,3,7.0,42
0106,23,3,7.0,42
0106,24,3,7.0,42
0106,24,4,7.0,42
0106,25,4,7.0,42
0106,25,4,7.0,42
0106,26,4,7.0,42
0106,26,4,7.0,42
0106,27,4,7.0,42
0106,27,4,7.0,42
0106,28,4,7.0,42
0106,28,4,7.0,42
0106,29,4,7.0,42
0106,29,4,7.0,42
0106,30,4,7.0,42
0106,30,4,7.0,42
0106,31,4,7.0,42
0106,31,4,7.0,42
0106,32,4,7.0,42
0106,32,4,7.0,42
0106,33,4,7.0,42
0106,33,4,7.0,42
0106,34,4,7.0,42
0106,34,4,7.0,42
0106,35,4,7.0,46
0106,35,4,7.0,46
0106,36,4,7.0,46
0106,36,4,7.0,46
0106,37,4,7.0,46
0106,37,4,7.0,46
0106,38,4,7.0,46
0106,38,4,7.0,46
0106,39,4,7.0,46
0106,40,4,7.0,46
0106,41,4,7.0,50
0106,41,4,7.0,50
0106,42,4,7.0,50
0106,43,4,7.0,50
0106,44,4,7.0,50
0106,44,4,7.0,50
0106,45,4,7.0,50
0106,45,4,7.0,50
0106,46,4,7.0,50
0106,46,4,7.0,50
0106,47,4,7.0,55
0106,47,4,7.0,55
0106,48,4,7.0,55
0106,48,4,7.0,55
0106,49,4,7.0,55
0106,50,4,7.0,55
0106,50,4,7.0,55
0106,51,4,7.0,55
0106,51,4,7.0,55
0106,52,4,7.0,55
0106,52,4,7.0,55
0106,53,4,7.0,54
0106,53,4,7.0,54
0106,54,4,7.0,54
0106,54,4,7.0,54
0106,55,4,7.0,54
0106,55,4,7.0,54
0106,56,4,7.0,54
0106,56,4,7.0,54
0106,57,4,7.0,54
0106,57,4,7.0,54
0106,58,4,7.0,54
0106,58,4,7.0,54
0106,59,4,7.0,54
0106,59,4,7.0,54
0106,60,4,7.0,54
0106,60,4,7.0,54
0106,61,4,7.0,54
0106,61,4,7.0,54
0106,62,4,7.0,54
0106,62,4,7.0,54
0106,63,4,7.0,54
0106,63,4,7.0,54
0106,64,4,7.0,54
0106,64,4,7.0,54
0106,65,4,7.0,59
0106,65,4,7.0,59
0106,66,4,7.0,59
0106,66,4,7.0,59
0106,67,4,7.0,59
0106,67,4,7.0,59
0106,68,4,8.0,59
0106,68,4,8.0,59
0106,69,4,8.0,59
0106,69,4,8.0,59
0106,70,4,8.0,59
0106,70,4,8.0,59
0106,71,4,8.0,64
0106,71,4,8.0,64
0106,72,4,8.0,64
0106,72,4,7.0,64
0106,73,4,7.0,64
0106,73,4,7.0,64
0106,74,4,7.0,64
0106,74,4,7.0,64
0106,75,4,7.0,64
0106,75,4,7.0,64
0106,76,4,7.0,64
0106,76,4,7.0,64
0106,77,4,7.0,68
0106,77,4,7.0,68
0106,78,4,7.0,68
0106,78,4,7.0,68
0106,79,4,7.0,68
0106,79,4,7.0,68
0106,80,4,7.0,68
0106,80,4,7.0,68
0106,81,4,7.0,68
0106,81,4,7.0,68
0106,82,4,8.0,68
0106,82,4,7.0,68
0106,83,4,8.0,66
0106,83,4,8.0,66
0106,84,4,8.0,66
0106,84,4,8.0,66
0106,85,4,8.0,66
0106,85,4,8.0,66
0106,86,4,8.0,66
0106,86,4,8.0,66
0106,87,4,8.0,66
0106,87,4,8.0,66
0106,88,4,8.0,66
0106,88,4,8.0,66
0106,89,4,8.0,69
0106,89,4,8.0,69
0106,90,4,8.0,69
0106,90,4,8.0,69
0106,91,4,8.0,69
0106,91,3,8.0,69
0106,92,3,8.0,69
0106,92,4,8.0,69
0106,93,4,8.0,69
0106,93,4,8.0,69
0106,94,4,8.0,69
0106,94,4,8.0,69
0106,95,4,8.0,69
0106,95,4,8.0,69
0106,96,4,8.0,69
0106,96,4,8.0,69
0106,97,4,8.0,69
0106,97,4,8.0,69
0106,98,4,8.0,69
0106,98,4,8.0,69
0106,99,4,8.0,69
0106,99,4,8.0,69
0106,100,4,8.0,75
0106,100,4,8.0,75
0106,101,4,8.0,83
0106,101,4,8.0,83
0106,102,4,8.0,83
0106,102,4,8.0,83
0106,103,4,8.0,83
0106,103,4,8.0,83
0106,104,4,8.0,83
0106,104,4,8.0,83
0106,105,4,8.0,83
0106,105,4,8.0,83
0106,106,4,8.0,83
0106,106,4,8.0,83
0106,107,4,8.0,83
0106,107,4,8.0,83
0106,108,4,8.0,83
0106,108,4,8.0,83
0106,109,4,8.0,83
0106,109,4,8.0,83
0106,110,4,8.0,83
0106,110,4,8.0,83
0106,111,4,8.0,83
0106,111,4,8.0,83
0106,112,4,8.0,86
0106,112,4,8.0,86
0106,113,4,8.0,86
0106,113,4,8.0,86
0106,114,4,8.0,85
0106,114,4,8.0,85
0106,115,4,8.0,85
0106,115,4,8.0,85
0106,116,4,8.0,85
0106,116,4,8.0,85
0106,117,4,8.0,85
0106,117,4,8.0,85
0106,118,4,8.0,85
0106,118,4,8.0,85
0106,119,4,8.0,88
0106,119,4,8.0,88
0106,120,4,8.0,88
0106,120,4,8.0,88
0106,121,4,8.0,88
0106,121,4,8.0,88
0106,122,4,8.0,88
0106,122,4,8.0,88
0106,123,4,8.0,88
0106,123,4,8.0,88
0106,124,4,8.0,88
0106,124,4,8.0,88
0106,125,4,8.0,93
0106,125,4,8.0,93
0106,126,4,8.0,93
0106,126,4,8.0,93
0106,127,4,8.0,93
0106,127,3,7.0,93
0106,128,3,7.0,93
0106,128,4,7.0,93
0106,129,4,7.0,93
0106,129,4,7.0,93
0106,130,4,7.0,93
0106,130,4,7.0,93
0106,131,4,7.0,93
0106,131,4,7.0,93
0106,132,4,7.0,93
0106,132,4,7.0,93
0106,133,4,7.0,93
0106,133,4,7.0,93
0106,134,4,7.0,93
0106,134,4,7.0,93
0106,135,4,7.0,93
0106,135,4,7.0,93
0106,136,4,7.0,93
0106,136,4,7.0,93
0106,137,4,7.0,93
0106,137,4,7.0,93
0106,138,4,7.0,93
0106,138,4,7.0,93
0106,139,4,7.0,93
0106,139,4,7.0,93
0106,140,4,7.0,93
0106,140,4,7.0,93
0106,141,4,7.0,93
0106,141,4,7.0,93
0106,142,4,7.0,93
0106,142,4,7.0,93
0106,143,4,8.0,93
0106,143,4,8.0,93
0106,144,4,8.0,93
0106,144,4,8.0,93
0107,1,4,8.0,93
0107,1,4,8.0,93
0107,2,4,8.0,93
0107,2,4,8.0,93
0107,3,4,8.0,93
0107,3,4,8.0,93
0107,4,4,8.0,92
0107,4,4,8.0,92
0107,5,4,8.0,92
0107,5,4,8.0,92
0107,6,4,8.0,92
0107,6,4,8.0,92
0107,7,4,8.0,92
0107,7,4,8.0,92
0107,8,4,8.0,92
0107,8,4,8.0,92
0107,9,4,8.0,92
0107,9,4,7.0,92
0107,10,4,7.0,92
0107,10,4,7.0,92
0107,11,4,7.0,90
0107,11,4,7.0,90
0107,12,4,7.0,90
0107,12,4,7.0,90
0107,13,4,7.0,90
0107,13,4,7.0,90
0107,14,4,7.0,90
0107,14,4,7.0,90
0107,15,4,7.0,90
0107,15,4,7.0,90
0107,16,4,7.0,90
0107,16,4,7.0,90
0107,17,4,7.0,92
0107,17,4,7.0,92
0107,18,4,7.0,92
0107,18,4,7.0,92
0107,19,4,7.0,92
0107,19,4,7.0,92
0107,20,4,7.0,92
0107,20,4,7.0,92
0107,21,4,7.0,92
0107,21,4,7.0,92
0107,22,4,7.0,92
0107,22,4,7.0,92
0107,23,4,7.0,99
0107,23,4,7.0,99
0107,24,4,7.0,99
0107,24,4,7.0,99
0107,25,4,7.0,99
0107,25,4,7.0,99
0107,26,4,7.0,99
0107,26,4,7.0,99
0107,27,4,7.0,99
0107,27,4,7.0,99
0107,28,4,7.0,99
0107,28,4,7.0,99
0107,29,4,7.0,99
0107,29,4,7.0,99
0107,30,4,7.0,102
0107,30,4,7.0,102
0107,31,4,7.0,102
0107,31,4,7.0,102
0107,32,4,7.0,102
0107,32,4,7.0,102
0107,33,4,7.0,102
0107,33,4,7.0,102
0107,34,4,7.0,102
0107,34,4,7.0,102
0107,35,4,7.0,107
0107,35,4,7.0,107
0107,36,4,7.0,107
0107,36,4,7.0,107
0107,37,4,7.0,107
0107,37,4,7.0,107
0107,38,4,7.0,107
0107,38,4,7.0,107
0107,39,4,7.0,107
0107,39,4,7.0,107
0107,40,4,7.0,107
0107,40,4,7.0,107
0107,41,4,7.0,107
0107,41,4,7.0,107
0107,42,4,7.0,107
0107,42,4,7.0,107
0107,43,4,7.0,107
0107,43,4,7.0,107
0107,44,4,7.0,107
0107,44,4,7.0,107
0107,45,4,7.0,107
0107,45,4,7.0,107
0107,46,4,7.0,107
0107,46,4,7.0,107
0107,47,4,7.0,105
0107,47,4,7.0,105
0107,48,4,7.0,105
0107,48,4,7.0,105
0107,49,4,7.0,105
0107,49,4,7.0,105
0107,50,4,7.0,105
0107,50,2,7.0,105
0107,51,2,7.0,105
0107,51,2,7.0,105
0107,52,2,7.0,105
0107,52,2,7.0,105
0107,53,2,7.0,102
0107,53,2,7.0,102
0107,54,2,7.0,102
0107,54,2,7.0,102
0107,55,3,7.0,102
0107,55,3,7.0,102
0107,56,3,7.0,102
0107,56,2,7.0,102
0107,57,2,7.0,102
0107,57,2,7.0,102
0107,58,2,7.0,102
0107,58,2,7.0,102
0107,59,2,7.0,101
0107,59,2,7.0,101
0107,60,2,7.0,101
0107,60,3,7.0,101
0107,61,3,7.0,101
0107,61,3,7.0,101
0107,62,3,8.0,101
0107,62,3,8.0,101
0107,63,3,8.0,101
0107,63,3,8.0,101
0107,64,3,8.0,101
0107,64,3,8.0,101
0107,65,3,8.0,98
0107,65,3,8.0,98
0107,66,3,8.0,98
0107,66,3,8.0,98
0107,67,3,8.0,98
0107,67,3,8.0,98
0107,68,3,8.0,98
0107,68,3,8.0,98
0107,69,3,8.0,98
0107,69,3,8.0,98
0107,70,3,8.0,98
0107,70,3,9.0,98
0107,71,3,9.0,98
0107,71,3,8.0,98
0107,72,3,8.0,98
0107,72,3,8.0,98
0107,73,3,8.0,98
0107,73,3,9.0,98
0107,74,3,9.0,98
0107,74,3,9.0,98
0107,75,3,9.0,98
0107,75,3,9.0,98
0107,76,3,8.0,103
0107,76,3,8.0,103
0107,77,3,8.0,106
0107,78,3,8.0,106
0107,79,3,8.0,106
0107,79,3,8.0,106
0107,80,3,8.0,106
0107,80,3,8.0,106
0107,81,3,8.0,106
0107,81,3,8.0,106
0107,82,3,8.0,106
0107,82,3,8.0,106
0107,83,3,8.0,113
0107,83,3,8.0,113
0107,84,3,8.0,113
0107,84,3,8.0,113
0107,85,3,8.0,113
0107,85,3,8.0,113
0107,86,3,8.0,113
0107,86,3,8.0,113
0107,87,3,8.0,113
0107,87,3,8.0,113
0107,88,3,8.0,113
0107,88,3,8.0,113
0107,89,3,8.0,120
0107,89,3,8.0,120
0107,90,3,8.0,120
0107,90,3,8.0,120
0107,91,3,8.0,120
0107,91,3,8.0,120
0107,92,3,8.0,120
0107,92,3,8.0,120
0107,93,3,8.0,120
0107,93,3,8.0,120
0107,94,3,8.0,120
0107,94,3,8.0,120
0107,95,3,8.0,120
0107,95,3,8.0,120
0107,96,3,8.0,120
0107,96,3,8.0,120
0107,97,3,8.0,120
0107,97,3,8.0,120
0107,98,3,8.0,120
0107,98,3,8.0,120
0107,99,3,8.0,120
0107,99,3,8.0,120
0107,100,3,8.0,120
0107,100,3,8.0,120
0107,101,3,9.0,120
0107,101,3,9.0,120
0107,102,3,9.0,120
0107,102,3,9.0,120
0107,103,3,9.0,120
0107,103,3,9.0,120
0107,104,3,9.0,120
0107,104,3,9.0,120
0107,105,3,9.0,120
0107,105,3,9.0,120
0107,106,3,8.0,120
0107,106,3,8.0,120
0107,107,3,8.0,124
0107,107,3,8.0,124
0107,108,3,8.0,124
0107,108,3,8.0,124
0107,109,3,8.0,124
0107,109,3,8.0,124
0107,110,3,8.0,124
0107,110,3,8.0,124
0107,111,3,8.0,124
0107,111,3,8.0,124
0107,112,3,8.0,124
0107,112,3,8.0,124
0107,113,3,8.0,122
0107,113,3,8.0,122
0107,114,3,8.0,122
0107,114,2,8.0,122
0107,115,2,8.0,122
0107,115,2,8.0,122
0107,116,2,8.0,122
0107,116,2,8.0,122
0107,117,2,8.0,122
0107,117,2,8.0,122
0107,118,2,8.0,122
0107,118,2,8.0,122
0107,119,2,8.0,122
0107,119,2,8.0,122
0107,120,2,8.0,122
0107,120,2,7.0,122
0107,121,2,7.0,122
0107,121,2,7.0,122
0107,122,2,7.0,122
0107,122,2,7.0,122
0107,123,2,7.0,122
0107,123,2,7.0,122
0107,124,2,7.0,138
0107,124,2,7.0,138
0107,125,2,7.0,138
0107,125,2,7.0,138
0107,126,2,7.0,138
0107,126,2,7.0,138
0107,127,2,7.0,138
0107,127,2,7.0,138
0107,128,2,7.0,138
0107,128,2,7.0,138
0107,129,2,7.0,138
0107,129,2,7.0,138
0107,130,2,7.0,146
0107,130,2,7.0,146
0107,131,2,7.0,146
0107,131,2,7.0,146
0107,132,2,7.0,146
0107,132,4,7.0,146
0107,133,4,7.0,146
0107,134,4,7.0,146
0107,134,4,7.0,146
0107,135,4,7.0,146
0107,135,4,7.0,146
0107,136,4,7.0,152
0107,136,4,7.0,152
0107,137,4,7.0,160
0107,137,4,7.0,160
0107,138,4,7.0,160
0107,138,4,7.0,160
0107,139,4,6.0,160
0107,139,4,6.0,160
0107,140,4,6.0,160
0107,140,4,6.0,160
0107,141,4,6.0,160
0107,141,4,6.0,160
0107,142,4,6.0,160
0107,142,4,6.0,160
0107,143,4,6.0,160
0107,143,4,6.0,160
0107,144,4,6.0,160
0108,1,4,6.0,160
0108,2,4,6.0,160
0108,2,4,6.0,160
0108,3,4,6.0,160
0108,6,2,5.0,162
0108,6,2,5.0,162
0108,7,2,5.0,162
0108,7,2,5.0,162
0108,8,2,5.0,162
0108,8,2,5.0,162
0108,9,2,5.0,162
0108,9,2,5.0,162
0108,10,2,5.0,162
0108,10,2,4.0,162
0108,11,2,4.0,155
0108,11,2,4.0,155
0108,12,2,4.0,155
0108,12,2,4.0,155
0108,13,2,4.0,155
0108,13,2,4.0,155
0108,14,2,4.0,155
0108,14,2,4.0,155
0108,15,2,4.0,155
0108,15,2,4.0,155
0108,16,2,4.0,155
0108,16,2,4.0,155
0108,17,2,4.0,143
0108,17,2,4.0,143
0108,18,2,4.0,143
0108,18,2,4.0,143
0108,19,2,4.0,143
0108,19,2,4.0,143
0108,20,2,4.0,143
0108,20,2,4.0,143
0108,21,2,4.0,143
0108,21,2,3.0,143
0108,22,2,3.0,143
0108,22,2,3.0,143
0108,23,2,3.0,120
0108,23,2,3.0,120
0108,24,2,3.0,120
0108,24,3,3.0,120
0108,25,3,3.0,120
0108,25,3,3.0,120
0108,26,3,3.0,120
0108,26,3,3.0,120
0108,27,3,3.0,120
0108,27,3,3.0,120
0108,28,3,3.0,120
0108,28,3,3.0,120
0108,29,3,3.0,120
0108,29,3,3.0,120
0108,30,3,3.0,100
0108,30,3,3.0,100
0108,31,3,3.0,100
0108,31,3,3.0,100
0108,32,3,3.0,100
0108,32,3,3.0,100
0108,33,3,3.0,100
0108,33,3,3.0,100
0108,34,3,3.0,100
0108,34,3,3.0,100
0108,35,3,3.0,81
0108,35,3,3.0,81
0108,36,3,3.0,81
0108,36,3,3.0,81
0108,37,3,3.0,81
0108,37,3,3.0,81
0108,38,3,3.0,81
0108,38,3,3.0,81
0108,39,3,3.0,81
0108,39,3,3.0,81
0108,40,3,3.0,81
0108,40,3,4.0,81
0108,41,3,4.0,72
0108,41,3,4.0,72
0108,42,3,4.0,72
0108,42,2,4.0,72
0108,43,2,4.0,72
0108,43,2,4.0,72
0108,44,2,4.0,72
0108,44,2,4.0,72
0108,45,2,4.0,72
0108,45,2,4.0,72
0108,46,2,4.0,72
0108,46,2,4.0,72
0108,47,2,4.0,81
0108,47,2,4.0,81
0108,48,2,4.0,81
0108,48,2,4.0,81
0108,49,2,4.0,81
0108,49,2,4.0,81
0108,50,2,4.0,81
0108,50,2,4.0,81
0108,51,2,4.0,81
0108,51,2,4.0,81
0108,52,2,4.0,81
0108,52,2,4.0,81
0108,53,2,4.0,93
0108,53,2,4.0,93
0108,54,2,4.0,93
0108,54,2,4.0,93
0108,55,2,4.0,93
0108,55,2,4.0,93
0108,56,2,4.0,93
0108,56,2,4.0,93
0108,57,2,4.0,93
0108,57,2,4.0,93
0108,58,2,4.0,93
0108,58,2,4.0,93
0108,59,2,4.0,98
0108,59,2,4.0,98
0108,60,2,4.0,98
0108,60,3,5.0,98
0108,61,3,5.0,98
0108,61,3,5.0,98
0108,62,3,5.0,98
0108,62,3,5.0,98
0108,63,3,5.0,98
0108,63,3,5.0,98
0108,64,3,5.0,98
0108,64,3,5.0,98
0108,65,3,5.0,97
0108,65,3,5.0,97
0108,66,3,5.0,97
0108,66,3,5.0,97
0108,67,3,5.0,97
0108,67,3,5.0,97
0108,68,3,5.0,97
0108,68,3,5.0,97
0108,69,3,5.0,97
0108,69,3,5.0,97
0108,70,3,5.0,97
0108,70,3,5.0,97
0108,71,3,6.0,102
0108,71,3,6.0,102
0108,72,3,6.0,102
0108,72,3,6.0,102
0108,73,3,6.0,102
0108,73,3,6.0,102
0108,74,3,6.0,102
0108,74,3,6.0,102
0108,75,3,6.0,102
0108,75,3,6.0,102
0108,76,3,6.0,102
0108,76,3,6.0,102
0108,77,3,6.0,101
0108,77,3,6.0,101
0108,78,3,6.0,101
0108,78,3,6.0,101
0108,79,3,6.0,101
0108,80,3,6.0,101
0108,80,3,6.0,101
0108,81,3,6.0,101
0108,81,3,6.0,101
0108,82,3,6.0,101
0108,82,3,6.0,101
0108,83,3,6.0,104
0108,83,3,6.0,104
0108,84,3,6.0,104
0108,84,3,6.0,104
0108,85,3,6.0,104
0108,85,3,6.0,104
0108,86,3,6.0,104
0108,86,3,6.0,104
0108,87,3,6.0,104
0108,87,3,6.0,104
0108,88,3,6.0,104
0108,88,3,6.0,104
0108,89,3,6.0,110
0108,89,3,6.0,110
0108,90,3,6.0,110
0108,90,3,6.0,110
0108,91,3,6.0,110
0108,91,3,6.0,110
0108,92,3,6.0,110
0108,92,3,6.0,110
0108,93,3,6.0,110
0108,93,3,6.0,110
0108,94,3,6.0,110
0108,94,3,6.0,110
0108,95,3,6.0,114
0108,96,3,6.0,114
0108,96,3,6.0,114
0108,97,3,6.0,114
0108,97,3,6.0,114
0108,98,3,6.0,114
0108,98,3,6.0,114
0108,99,3,6.0,114
0108,99,3,6.0,114
0108,100,3,6.0,114
0108,100,3,6.0,114
0108,101,3,6.0,114
0108,101,3,6.0,114
0108,102,3,6.0,114
0108,102,3,6.0,114
0108,103,3,6.0,114
0108,103,3,6.0,114
0108,104,3,6.0,114
0108,104,3,6.0,114
0108,105,3,6.0,114
0108,105,3,6.0,114
0108,106,3,6.0,116
0108,106,3,6.0,116
0108,107,3,6.0,116
0108,107,3,6.0,116
0108,108,3,5.0,116
0108,108,3,5.0,116
0108,109,3,5.0,116
0108,109,3,5.0,116
0108,110,3,5.0,116
0108,110,3,5.0,116
0108,111,3,5.0,116
0108,111,3,5.0,116
0108,112,3,5.0,115
0108,112,3,5.0,115
0108,113,3,5.0,111
0108,113,3,5.0,111
0108,114,3,5.0,111
0108,114,2,5.0,111
0108,115,2,5.0,111
0108,115,2,5.0,111
0108,116,2,5.0,111
0108,116,2,5.0,111
0108,117,2,5.0,111
0108,117,2,5.0,111
0108,118,2,5.0,111
0108,118,2,5.0,111
0108,119,2,5.0,113
0108,119,2,5.0,113
0108,120,2,5.0,113
0108,120,2,5.0,113
0108,121,2,5.0,113
0108,121,2,5.0,113
0108,122,2,5.0,113
0108,123,2,5.0,113
0108,123,2,5.0,113
0108,124,2,5.0,113
0108,124,2,5.0,113
0108,125,2,4.0,120
0108,125,2,4.0,120
0108,126,2,4.0,120
0108,127,2,4.0,120
0108,127,2,4.0,120
0108,128,2,4.0,120
0108,128,2,4.0,120
0108,129,2,4.0,120
0108,129,2,4.0,120
0108,130,2,4.0,120
0108,130,2,4.0,120
0108,131,2,4.0,120
0108,131,2,4.0,120
0108,132,2,4.0,120
0108,132,2,4.0,120
0108,133,2,4.0,120
0108,133,2,4.0,120
0108,134,2,4.0,120
0108,134,2,4.0,120
0108,135,2,4.0,120
0108,135,2,4.0,120
0108,136,2,4.0,120
0108,137,2,4.0,127
0108,137,2,4.0,127
0108,138,2,4.0,127
0108,138,2,4.0,127
0108,139,2,4.0,127
0108,139,2,4.0,127
0108,140,2,4.0,127
0108,140,2,4.0,127
0108,141,2,4.0,127
0108,141,2,4.0,127
0108,142,2,4.0,127
0108,142,2,4.0,127
0108,143,2,4.0,127
0108,143,2,4.0,127
0108,144,2,4.0,127
0108,144,2,4.0,127
0109,1,2,4.0,127
0109,1,2,4.0,127
0109,2,2,4.0,127
0109,2,2,4.0,127
0109,3,2,4.0,127
0109,3,2,4.0,127
0109,4,2,4.0,128
0109,4,2,4.0,128
0109,5,2,4.0,132
0109,5,2,4.0,132
0109,6,2,4.0,132
0109,6,2,4.0,132
0109,7,2,4.0,132
0109,7,2,3.0,132
0109,8,2,3.0,132
0109,8,2,3.0,132
0109,9,2,3.0,132
0109,10,2,3.0,132
0109,10,2,3.0,132
0109,11,2,3.0,136
0109,11,2,3.0,136
0109,12,2,3.0,136
0109,12,2,3.0,136
0109,13,2,3.0,136
0109,13,2,3.0,136
0109,14,2,3.0,136
0109,14,2,3.0,136
0109,15,2,3.0,136
0109,15,2,3.0,136
0109,16,2,3.0,136
0109,16,2,3.0,136
0109,17,2,3.0,132
0109,17,2,3.0,132
0109,18,2,3.0,132
0109,18,2,3.0,132
0109,19,2,3.0,132
0109,19,2,3.0,132
0109,20,2,3.0,132
0109,20,2,3.0,132
0109,21,2,3.0,132
0109,21,2,3.0,132
0109,22,2,3.0,132
0109,22,2,3.0,132
0109,23,2,3.0,133
0109,23,2,3.0,133
0109,24,2,3.0,133
0109,24,2,3.0,133
0109,25,2,3.0,133
0109,25,2,3.0,133
0109,26,2,3.0,133
0109,26,2,3.0,133
0109,27,2,3.0,133
0109,27,2,3.0,133
0109,28,2,3.0,133
0109,28,2,3.0,133
0109,29,2,3.0,133
0109,29,2,3.0,133
0109,30,2,3.0,132
0109,30,2,3.0,132
0109,31,2,3.0,132
0109,31,2,3.0,132
0109,32,2,3.0,132
0109,32,2,3.0,132
0109,33,2,3.0,132
0109,33,2,3.0,132
0109,34,2,3.0,132
0109,34,2,3.0,132
0109,35,2,3.0,131
0109,35,2,3.0,131
0109,36,2,3.0,131
0109,36,2,3.0,131
0109,37,2,3.0,131
0109,37,2,3.0,131
0109,38,2,3.0,131
0109,38,2,3.0,131
0109,39,2,3.0,131
0109,39,2,3.0,131
0109,40,2,3.0,131
0109,40,2,3.0,131
0109,41,2,3.0,125
0109,41,2,3.0,125
0109,42,2,3.0,125
0109,42,2,3.0,125
0109,43,2,3.0,125
0109,43,8,3.0,125
0109,44,8,3.0,125
0109,44,8,3.0,125
0109,45,8,3.0,125
0109,45,8,3.0,125
0109,46,8,3.0,125
0109,46,8,3.0,125
0109,47,8,3.0,122
0109,47,8,3.0,122
0109,48,8,3.0,122
0109,48,8,3.0,122
0109,49,8,3.0,122
0109,49,8,3.0,122
0109,50,8,3.0,122
0109,50,8,3.0,122
0109,51,8,3.0,122
0109,51,8,3.0,122
0109,52,8,3.0,122
0109,52,8,3.0,122
0109,53,8,3.0,122
0109,53,8,3.0,122
0109,54,8,3.0,122
0109,54,8,3.0,122
0109,55,8,3.0,122
0109,55,8,3.0,122
0109,56,8,3.0,122
0109,56,8,3.0,122
0109,57,8,3.0,122
0109,57,8,3.0,122
0109,58,8,3.0,122
0109,58,8,3.0,122
0109,59,8,3.0,132
0109,59,8,3.0,132
0109,60,8,3.0,132
0109,60,2,3.0,132
0109,61,2,3.0,132
0109,61,2,3.0,132
0109,62,2,3.0,132
0109,62,2,3.0,132
0109,63,2,3.0,132
0109,63,2,3.0,132
0109,64,2,5.0,132
0109,64,2,5.0,132
0109,65,2,5.0,145
0109,65,2,5.0,145
0109,66,2,5.0,145
0109,66,2,5.0,145
0109,67,2,6.0,145
0109,67,2,6.0,145
0109,68,2,6.0,145
0109,68,2,6.0,145
0109,69,2,6.0,145
0109,69,2,6.0,145
0109,70,2,6.0,145
0109,70,2,6.0,145
0109,71,2,6.0,159
0109,71,2,6.0,159
0109,72,2,8.0,159
0109,73,2,8.0,159
0109,73,2,8.0,159
0109,74,2,8.0,159
0109,74,2,8.0,159
0109,75,2,8.0,159
0109,75,2,8.0,159
0109,76,2,8.0,159
0109,76,2,8.0,159
0109,77,2,9.0,157
0109,78,2,9.0,157
0109,78,2,9.0,157
0109,79,2,9.0,157
0109,80,2,9.0,157
0109,80,2,9.0,157
0109,81,2,9.0,157
0109,81,2,9.0,157
0109,82,2,9.0,157
0109,82,2,9.0,157
0109,83,2,9.0,139
0109,83,2,9.0,139
0109,84,2,9.0,139
0109,84,2,9.0,139
0109,85,2,9.0,139
0109,85,2,9.0,139
0109,86,2,9.0,139
0109,86,2,9.0,139
0109,87,2,9.0,139
0109,87,2,9.0,139
0109,88,2,9.0,139
0109,88,2,9.0,139
0109,89,2,9.0,139
0109,89,2,9.0,139
0109,90,2,9.0,139
0109,90,2,9.0,139
0109,91,2,9.0,139
0109,91,2,9.0,139
0109,92,2,9.0,139
0109,92,2,9.0,139
0109,93,2,9.0,139
0109,93,2,9.0,139
0109,94,2,9.0,139
0109,94,2,9.0,139
0109,95,2,9.0,141
0109,95,2,9.0,141
0109,96,2,9.0,141
0109,96,2,9.0,141
0109,97,2,9.0,141
0109,97,2,9.0,141
0109,98,2,9.0,141
0109,98,2,9.0,141
0109,99,2,9.0,141
0109,99,2,9.0,141
0109,100,2,9.0,141
0109,100,2,9.0,141
0109,101,2,9.0,144
0109,101,2,9.0,144
0109,102,2,9.0,144
0109,102,2,9.0,144
0109,103,2,9.0,144
0109,103,2,9.0,144
0109,104,2,9.0,144
0109,104,2,9.0,144
0109,105,2,9.0,144
0109,105,2,9.0,144
0109,106,2,9.0,144
0109,106,2,9.0,144
0109,107,2,8.0,148
0109,107,2,8.0,148
0109,108,2,8.0,148
0109,108,2,8.0,148
0109,109,2,8.0,148
0109,109,2,8.0,148
0109,110,2,8.0,148
0109,110,2,8.0,148
0109,111,2,8.0,148
0109,111,2,8.0,148
0109,112,2,8.0,148
0109,112,2,8.0,148
0109,113,2,8.0,151
0109,113,2,8.0,151
0109,114,2,8.0,151
0109,114,3,8.0,151
0109,115,3,8.0,151
0109,115,3,8.0,151
0109,116,3,8.0,151
0109,116,3,8.0,151
0109,117,3,8.0,151
0109,117,3,8.0,151
0109,118,3,8.0,151
0109,118,3,8.0,151
0109,119,3,8.0,163
0109,120,3,8.0,163
0109,120,3,8.0,163
0109,121,3,8.0,163
0109,122,3,8.0,163
0109,122,3,8.0,163
0109,123,3,8.0,163
0109,123,3,8.0,163
0109,124,3,8.0,163
0109,124,3,8.0,163
0109,125,3,8.0,173
0109,125,3,8.0,173
0109,126,3,8.0,173
0109,126,3,8.0,173
0109,127,3,8.0,173
0109,127,3,8.0,173
0109,128,3,8.0,173
0109,128,3,8.0,173
0109,129,3,8.0,173
0109,130,3,8.0,173
0109,131,3,8.0,178
0109,131,3,8.0,178
0109,132,3,8.0,178
0109,132,3,8.0,178
0109,133,3,8.0,178
0109,134,3,8.0,178
0109,135,3,8.0,178
0109,135,3,8.0,178
0109,136,3,7.0,178
0109,137,3,7.0,183
0109,138,3,7.0,183
0109,139,3,7.0,183
0109,139,3,7.0,183
0109,140,3,7.0,183
0109,140,3,7.0,183
0109,141,3,7.0,183
0109,141,3,7.0,183
0109,142,3,7.0,183
0109,142,3,7.0,183
0109,143,3,7.0,185
0109,143,3,7.0,185
0109,144,3,7.0,185
0109,144,3,7.0,185
0110,1,3,7.0,185
0110,1,3,7.0,185
0110,2,3,7.0,185
0110,2,3,7.0,185
0110,3,3,7.0,185
0110,3,3,7.0,185
0110,4,3,7.0,185
0110,4,3,7.0,185
0110,5,3,7.0,181
0110,5,2,7.0,181
0110,6,2,6.0,181
0110,6,2,6.0,181
0110,7,2,6.0,181
0110,7,2,6.0,181
0110,8,2,6.0,181
0110,8,2,6.0,181
0110,9,2,6.0,181
0110,9,2,6.0,181
0110,10,2,6.0,181
0110,10,2,6.0,181
0110,11,2,6.0,177
0110,11,2,6.0,177
0110,12,2,6.0,177
0110,12,2,6.0,177
0110,13,2,6.0,177
0110,13,2,6.0,177
0110,14,2,6.0,177
0110,14,2,6.0,177
0110,15,2,6.0,177
0110,15,2,6.0,177
0110,16,2,6.0,177
0110,16,8,6.0,177
0110,17,8,6.0,167
0110,17,8,6.0,167
0110,18,8,6.0,167
0110,18,8,6.0,167
0110,19,8,6.0,167
0110,19,8,6.0,167
0110,20,8,6.0,167
0110,20,8,6.0,167
0110,21,8,6.0,167
0110,21,8,6.0,167
0110,22,8,6.0,167
0110,22,8,6.0,167
0110,23,8,6.0,164
0110,23,8,6.0,164
0110,24,8,6.0,164
0110,24,8,6.0,164
0110,25,8,6.0,164
0110,25,8,6.0,164
0110,26,8,6.0,164
0110,26,8,6.0,164
0110,27,8,6.0,164
0110,27,8,6.0,164
0110,28,8,6.0,164
0110,28,8,6.0,164
0110,29,8,6.0,164
0110,29,8,6.0,164
0110,30,8,6.0,161
0110,30,8,6.0,161
0110,31,8,6.0,161
0110,31,8,6.0,161
0110,32,8,6.0,161
0110,32,8,6.0,161
0110,33,8,6.0,161
0110,33,8,6.0,161
0110,34,8,6.0,161
0110,34,8,6.0,161
0110,35,8,6.0,159
0110,35,8,6.0,159
0110,36,8,6.0,159
0110,36,8,6.0,159
0110,37,8,6.0,159
0110,37,8,6.0,159
0110,38,8,6.0,159
0110,38,8,6.0,159
0110,39,8,6.0,159
0110,39,8,6.0,159
0110,40,8,6.0,159
0110,40,8,6.0,159
0110,41,8,6.0,153
0110,41,8,6.0,153
0110,42,8,6.0,153
0110,42,8,6.0,153
0110,43,8,6.0,153
0110,43,8,6.0,153
0110,44,8,6.0,153
0110,44,8,6.0,153
0110,45,8,6.0,153
0110,45,8,6.0,153
0110,46,8,6.0,153
0110,46,8,6.0,153
0110,47,8,6.0,153
0110,47,8,6.0,153
0110,48,8,6.0,153
0110,48,8,6.0,153
0110,49,8,6.0,153
0110,49,8,6.0,153
0110,50,8,6.0,153
0110,50,4,6.0,153
0110,51,4,6.0,153
0110,51,4,6.0,153
0110,52,4,6.0,153
0110,53,4,6.0,155
0110,53,4,6.0,155
0110,54,4,6.0,155
0110,54,4,7.0,155
0110,55,4,7.0,155
0110,55,4,7.0,155
0110,56,4,7.0,155
0110,56,4,7.0,155
0110,57,4,7.0,155
0110,57,4,7.0,155
0110,58,4,7.0,155
0110,58,4,7.0,155
0110,59,4,7.0,162
0110,59,4,7.0,162
0110,60,4,7.0,162
0110,60,2,7.0,162
0110,61,2,7.0,162
0110,61,2,7.0,162
0110,62,2,7.0,162
0110,62,2,7.0,162
0110,63,2,7.0,162
0110,63,2,7.0,162
0110,64,2,7.0,162
0110,64,2,7.0,162
0110,65,2,7.0,173
0110,65,2,7.0,173
0110,66,2,7.0,173
0110,66,2,7.0,173
0110,67,2,7.0,173
0110,67,2,7.0,173
0110,68,2,7.0,173
0110,68,2,7.0,173
0110,69,2,7.0,173
0110,69,2,7.0,173
0110,70,2,7.0,173
0110,70,8,7.0,173
0110,71,8,7.0,173
0110,71,8,7.0,173
0110,72,8,7.0,184
0110,73,8,7.0,184
0110,73,8,7.0,184
0110,74,8,7.0,184
0110,74,8,7.0,184
0110,75,8,7.0,184
0110,75,8,7.0,184
0110,76,8,7.0,184
0110,76,8,7.0,184
0110,77,8,7.0,192
0110,77,8,7.0,192
0110,78,8,7.0,192
0110,78,8,7.0,192
0110,79,8,7.0,192
0110,79,8,7.0,192
0110,80,8,7.0,192
0110,80,8,7.0,192
0110,81,8,7.0,192
0110,81,8,7.0,192
0110,82,8,7.0,192
0110,82,8,7.0,192
0110,83,8,7.0,191
0110,83,8,7.0,191
0110,84,8,7.0,191
0110,84,8,7.0,191
0110,85,8,7.0,191
0110,85,8,7.0,191
0110,86,8,7.0,191
0110,86,8,7.0,191
0110,87,8,7.0,191
0110,87,8,7.0,191
0110,88,8,7.0,191
0110,88,8,7.0,191
0110,89,8,7.0,183
0110,89,8,7.0,183
0110,90,8,7.0,183
0110,90,8,7.0,183
0110,91,8,7.0,183
0110,91,8,7.0,183
0110,92,8,7.0,183
0110,92,8,7.0,183
0110,93,8,7.0,183
0110,94,8,7.0,183
0110,94,8,7.0,183
0110,95,8,7.0,182
0110,95,8,7.0,182
0110,96,8,7.0,182
0110,97,4,7.0,182
0110,97,4,7.0,182
0110,98,4,7.0,182
0110,98,4,7.0,182
0110,99,4,7.0,182
0110,99,4,7.0,182
0110,100,4,7.0,182
0110,101,4,7.0,180
0110,101,4,7.0,180
0110,102,4,7.0,180
0110,102,4,7.0,180
0110,103,4,7.0,180
0110,103,4,7.0,180
0110,104,4,7.0,180
0110,104,4,7.0,180
0110,105,4,7.0,180
0110,106,4,7.0,180
0110,106,4,7.0,180
0110,107,4,7.0,177
0110,108,4,7.0,177
0110,108,4,7.0,177
0110,109,4,7.0,177
0110,109,4,7.0,177
0110,110,4,7.0,177
0110,111,4,7.0,177
0110,111,4,7.0,177
0110,112,4,7.0,177
0110,113,4,7.0,156
0110,114,4,7.0,156
0110,115,4,7.0,156
0110,116,4,7.0,156
0110,117,4,7.0,156
0110,119,4,7.0,156
0110,121,4,7.0,148
0110,123,4,7.0,148
0110,124,4,7.0,148
0110,128,4,8.0,143
0110,131,4,8.0,143
0110,133,4,8.0,138
0110,135,4,8.0,138
0110,139,4,8.0,129
0110,141,4,9.0,129
0110,143,4,8.0,121
0111,1,4,8.0,121
0111,2,4,8.0,121
0111,3,4,8.0,121
0111,4,4,8.0,121
0111,5,4,8.0,103
0111,6,4,8.0,103
0111,6,4,8.0,103
0111,7,4,8.0,103
0111,7,4,8.0,103
0111,8,4,8.0,103
0111,8,4,8.0,103
0111,9,4,8.0,103
0111,9,4,8.0,103
0111,10,4,8.0,103
0111,10,4,8.0,103
0111,11,4,8.0,83
0111,11,4,8.0,83
0111,12,4,8.0,83
0111,12,4,8.0,83
0111,13,4,8.0,83
0111,13,4,8.0,83
0111,14,4,8.0,83
0111,14,4,8.0,83
0111,15,4,8.0,83
0111,15,4,8.0,83
0111,16,4,8.0,83
0111,16,4,8.0,83
0111,17,4,8.0,62
0111,17,4,8.0,62
0111,18,4,8.0,62
0111,18,4,8.0,62
0111,19,4,8.0,62
0111,19,4,8.0,62
0111,20,4,8.0,62
0111,20,4,8.0,62
0111,21,4,8.0,62
0111,21,4,8.0,62
0111,22,4,8.0,62
0111,22,4,8.0,62
0111,23,4,8.0,47
0111,23,4,8.0,47
0111,24,4,8.0,47
0111,24,4,8.0,47
0111,25,4,7.0,47
0111,25,4,7.0,47
0111,26,4,7.0,47
0111,26,4,7.0,47
0111,27,4,7.0,47
0111,27,4,7.0,47
0111,28,4,7.0,47
0111,28,4,7.0,47
0111,29,4,7.0,33
0111,29,4,7.0,33
0111,30,4,7.0,33
0111,30,4,8.0,33
0111,31,4,8.0,33
0111,31,4,8.0,33
0111,32,4,8.0,33
0111,32,4,8.0,33
0111,33,4,8.0,33
0111,33,4,8.0,33
0111,34,4,8.0,33
0111,34,4,8.0,33
0111,35,4,8.0,33
0111,35,4,8.0,33
0111,36,4,8.0,33
0111,36,4,8.0,33
0111,37,4,7.0,33
0111,37,4,7.0,33
0111,38,4,7.0,33
0111,38,4,7.0,33
0111,39,4,7.0,33
0111,39,4,7.0,33
0111,40,4,7.0,33
0111,40,4,7.0,33
0111,41,4,7.0,35
0111,42,4,7.0,35
0111,43,4,7.0,35
0111,44,4,7.0,35
0111,45,4,7.0,35
0111,46,4,7.0,35
0111,47,4,7.0,42
0111,48,4,7.0,42
0111,49,4,7.0,42
0111,51,2,7.0,42
0111,52,2,7.0,42
0111,53,2,7.0,54
0111,54,2,7.0,54
0111,55,2,7.0,54
0111,56,2,7.0,54
0111,57,2,7.0,54
0111,58,2,7.0,54
0111,58,2,7.0,54
0111,59,2,7.0,61
0111,60,2,7.0,61
0111,61,2,7.0,61
0111,62,2,7.0,61
0111,64,2,7.0,61
0111,65,2,7.0,61
0111,66,2,7.0,56
0111,67,2,7.0,56
0111,68,2,7.0,56
0111,69,2,7.0,56
0111,70,2,7.0,56
0111,71,2,7.0,56
0111,72,2,7.0,45
0111,73,2,7.0,45
0111,74,2,6.0,45
0111,75,2,6.0,45
0111,76,2,6.0,45
0111,77,2,6.0,36
0111,77,2,6.0,36
0111,78,4,6.0,36
0111,79,4,6.0,36
0111,80,4,6.0,36
0111,81,4,6.0,36
0111,81,4,6.0,36
0111,82,4,6.0,36
0111,83,4,6.0,41
0111,84,4,6.0,41
0111,84,4,6.0,41
0111,85,4,6.0,41
0111,86,4,6.0,41
0111,87,4,6.0,41
0111,87,4,6.0,41
0111,88,4,6.0,41
0111,88,4,6.0,41
0111,89,4,6.0,55
0111,90,4,6.0,55
0111,91,4,6.0,55
0111,92,4,6.0,55
0111,93,4,6.0,55
0111,94,4,6.0,55
0111,95,4,6.0,55
0111,96,4,6.0,55
0111,97,4,6.0,55
0111,98,4,6.0,55
0111,99,4,6.0,55
0111,100,4,6.0,67
0111,102,4,6.0,67
0111,103,4,6.0,67
0111,104,4,5.0,67
0111,105,4,5.0,67
0111,106,4,5.0,69
0111,107,4,5.0,69
0111,108,4,5.0,69
0111,109,4,5.0,69
0111,110,4,5.0,69
0111,111,4,6.0,69
0111,112,4,6.0,69
0111,113,4,6.0,59
0111,114,2,6.0,59
0111,115,2,5.0,59
0111,116,2,5.0,59
0111,117,2,5.0,59
0111,118,2,5.0,55
0111,119,2,5.0,72
0111,120,2,5.0,72
0111,121,2,5.0,72
0111,121,2,5.0,72
0111,122,4,5.0,72
0111,123,4,5.0,72
0111,124,4,5.0,72
0111,125,4,5.0,82
0111,126,4,5.0,82
0111,127,4,5.0,82
0111,129,4,5.0,82
0111,130,4,5.0,82
0112,5,2,5.0,60
0112,6,2,5.0,60
0112,6,2,5.0,60
0112,7,2,5.0,60
0112,7,2,5.0,60
0112,8,2,5.0,60
0112,8,2,5.0,60
0112,9,2,5.0,60
0112,9,2,5.0,60
0112,10,2,5.0,60
0112,10,2,5.0,60
0112,11,2,5.0,53
0112,11,2,5.0,53
0112,12,2,5.0,53
0112,12,2,5.0,53
0112,13,2,5.0,53
0112,13,2,5.0,53
0112,14,2,5.0,53
0112,14,2,5.0,53
0112,15,2,5.0,53
0112,15,2,5.0,53
0112,16,2,5.0,53
0112,16,2,5.0,53
0112,17,2,5.0,48
0112,17,2,5.0,48
0112,18,2,5.0,48
0112,18,2,5.0,48
0112,19,2,5.0,48
0112,19,2,5.0,48
0112,20,2,5.0,48
0112,20,2,5.0,48
0112,21,2,5.0,48
0112,21,2,5.0,48
0112,22,2,5.0,48
0112,22,2,5.0,48
0112,23,2,5.0,41
0112,23,2,5.0,41
0112,24,2,5.0,41
0112,24,2,5.0,41
0112,25,2,4.0,41
0112,25,2,4.0,41
0112,26,2,4.0,41
0112,26,2,4.0,41
0112,27,2,4.0,41
0112,27,2,4.0,41
0112,28,2,4.0,41
0112,28,2,4.0,41
0112,29,2,4.0,41
0112,29,2,4.0,41
0112,30,2,4.0,43
0112,30,2,4.0,43
0112,31,2,4.0,43
0112,31,2,4.0,43
0112,32,2,4.0,43
0112,32,2,4.0,43
0112,33,2,4.0,43
0112,33,2,4.0,43
0112,34,2,4.0,43
0112,34,2,4.0,43
0112,35,2,4.0,48
0112,35,2,4.0,48
0112,36,2,4.0,48
0112,36,2,4.0,48
0112,37,2,4.0,48
0112,37,2,4.0,48
0112,38,2,4.0,48
0112,38,2,4.0,48
0112,39,2,4.0,48
0112,39,2,4.0,48
0112,40,2,4.0,48
0112,40,2,4.0,48
0112,41,2,4.0,48
0112,41,2,4.0,48
0112,42,2,4.0,48
0112,42,4,4.0,48
0112,43,4,4.0,48
0112,43,4,4.0,48
0112,44,4,4.0,48
0112,44,4,4.0,48
0112,45,4,4.0,48
0112,45,4,4.0,48
0112,46,4,4.0,52
0112,46,4,4.0,52
0112,47,4,4.0,52
0112,47,4,4.0,52
0112,48,4,4.0,52
0112,48,4,4.0,52
0112,49,4,4.0,52
0112,49,4,4.0,52
0112,50,4,4.0,52
0112,50,2,4.0,52
0112,51,2,4.0,52
0112,51,2,4.0,52
0112,52,2,4.0,52
0112,52,2,4.0,52
0112,53,2,4.0,47
0112,53,2,4.0,47
0112,54,2,4.0,47
0112,54,2,4.0,47
0112,55,2,4.0,47
0112,55,2,4.0,47
0112,56,2,4.0,47
0112,56,2,4.0,47
0112,57,2,4.0,47
0112,57,2,4.0,47
0112,58,2,4.0,47
0112,58,2,4.0,47
0112,59,2,4.0,46
0112,59,2,4.0,46
0112,60,2,4.0,46
0112,60,3,4.0,46
0112,61,3,4.0,46
0112,61,3,4.0,46
0112,62,3,4.0,46
0112,62,3,4.0,46
0112,63,3,4.0,46
0112,63,3,4.0,46
0112,64,3,4.0,46
0112,64,3,4.0,46
0112,65,3,4.0,47
0112,65,3,4.0,47
0112,66,3,4.0,47
0112,66,3,4.0,47
0112,67,3,4.0,47
0112,67,3,4.0,47
0112,68,3,4.0,47
0112,68,3,4.0,47
0112,69,3,4.0,47
0112,69,3,4.0,47
0112,70,3,4.0,47
0112,70,3,4.0,47
0112,71,3,4.0,47
0112,71,3,4.0,47
0112,72,3,4.0,47
0112,72,3,4.0,47
0112,73,3,4.0,47
0112,73,3,4.0,47
0112,74,3,4.0,47
0112,74,3,4.0,47
0112,75,3,4.0,47
0112,75,3,4.0,47
0112,76,3,4.0,51
0112,76,3,4.0,51
0112,77,3,4.0,57
0112,77,3,4.0,57
0112,78,3,4.0,57
0112,78,3,4.0,57
0112,79,3,4.0,57
0112,79,3,4.0,57
0112,80,3,4.0,57
0112,80,3,4.0,57
0112,81,3,4.0,57
0112,81,3,4.0,57
0112,82,3,4.0,57
0112,82,3,4.0,57
0112,83,3,4.0,60
0112,83,3,4.0,60
0112,84,3,4.0,60
0112,84,3,4.0,60
0112,85,3,4.0,60
0112,85,3,4.0,60
0112,86,3,4.0,60
0112,86,3,4.0,60
0112,87,3,4.0,60
0112,87,3,4.0,60
0112,88,3,4.0,60
0112,88,3,4.0,60
0112,89,3,4.0,64
0112,89,3,4.0,64
0112,90,3,4.0,64
0112,90,3,4.0,64
0112,91,3,4.0,64
0112,91,3,4.0,64
0112,92,3,4.0,64
0112,92,3,4.0,64
0112,93,3,4.0,64
0112,93,3,4.0,64
0112,94,3,4.0,64
0112,94,3,4.0,64
0112,95,3,4.0,68
0112,95,3,4.0,68
0112,96,3,4.0,68
0112,96,3,4.0,68
0112,97,3,4.0,68
0112,97,3,4.0,68
0112,98,3,4.0,68
0112,98,3,4.0,68
0112,99,3,4.0,68
0112,99,3,4.0,68
0112,100,3,4.0,68
0112,100,3,3.0,68
0112,101,3,3.0,68
0112,101,3,3.0,68
0112,102,3,3.0,68
0112,102,3,3.0,68
0112,103,3,3.0,68
0112,103,3,3.0,68
0112,104,3,3.0,68
0112,104,3,4.0,68
0112,105,3,4.0,68
0112,105,3,3.0,68
0112,106,3,3.0,75
0112,106,3,3.0,75
0112,107,3,3.0,81
0112,107,3,3.0,81
0112,108,3,3.0,81
0112,108,3,3.0,81
0112,109,3,3.0,81
0112,109,3,3.0,81
0112,110,3,3.0,81
0112,110,3,3.0,81
0112,111,3,3.0,81
0112,111,3,3.0,81
0112,112,3,3.0,81
0112,112,3,3.0,81
0112,113,3,3.0,84
0112,113,3,3.0,84
0112,114,3,3.0,84
0112,114,2,3.0,84
0112,115,2,3.0,84
0112,115,2,3.0,84
0112,116,2,3.0,84
0112,116,2,3.0,84
0112,117,2,3.0,84
0112,117,2,3.0,84
0112,118,2,3.0,84
0112,118,2,3.0,84
0112,119,2,3.0,86
0112,119,2,3.0,86
0112,120,2,3.0,86
0112,120,2,3.0,86
0112,121,2,3.0,86
0112,121,2,3.0,86
0112,122,2,3.0,86
0112,122,2,3.0,86
0112,123,2,3.0,86
0112,123,2,3.0,86
0112,124,2,3.0,86
0112,124,2,3.0,86
0112,125,2,3.0,86
0112,125,2,3.0,86
0112,126,2,3.0,86
0112,126,2,3.0,86
0112,127,2,3.0,86
0112,127,2,3.0,86
0112,128,2,3.0,86
0112,128,2,3.0,86
0112,129,2,3.0,86
0112,129,2,3.0,86
0112,130,2,3.0,89
0112,130,2,3.0,89
0112,131,2,3.0,90
0112,131,2,3.0,90
0112,132,2,3.0,90
0112,132,2,3.0,90
0112,133,2,3.0,90
0112,134,2,3.0,90
0112,134,2,3.0,90
0112,135,2,3.0,90
0112,136,3,3.0,90
0112,137,3,3.0,94
0112,137,3,3.0,94
0112,138,3,3.0,94
0112,139,3,3.0,94
0112,141,3,3.0,94
0112,141,3,3.0,94
0112,142,3,3.0,94
0112,142,3,3.0,94
0112,143,3,3.0,94
0112,143,3,3.0,94
0112,144,3,3.0,94
0112,144,3,3.0,94
0113,1,3,3.0,94
0113,1,3,3.0,94
0113,2,3,3.0,94
0113,2,3,3.0,94
0113,3,3,3.0,94
0113,3,3,3.0,94
0113,4,3,3.0,96
0113,4,3,3.0,96
0113,5,3,3.0,99
0113,5,3,3.0,99
0113,6,3,3.0,99
0113,6,3,3.0,99
0113,7,3,3.0,99
0113,7,3,3.0,99
0113,8,3,3.0,99
0113,8,3,3.0,99
0113,9,3,3.0,99
0113,9,3,3.0,99
0113,10,3,3.0,99
0113,10,3,3.0,99
0113,11,3,3.0,101
0113,11,3,3.0,101
0113,12,3,3.0,101
0113,12,3,3.0,101
0113,13,3,3.0,101
0113,13,3,3.0,101
0113,14,3,3.0,101
0113,14,3,3.0,101
0113,15,3,3.0,101
0113,15,3,3.0,101
0113,16,3,3.0,101
0113,16,3,3.0,101
0113,17,3,3.0,101
0113,17,3,3.0,101
0113,18,3,3.0,101
0113,18,3,3.0,101
0113,19,3,3.0,101
0113,19,3,3.0,101
0113,20,3,3.0,101
0113,20,3,3.0,101
0113,21,3,3.0,101
0113,21,3,3.0,101
0113,22,3,3.0,101
0113,22,3,3.0,101
0113,23,3,3.0,103
0113,23,3,3.0,103
0113,24,3,3.0,103
0113,24,3,3.0,103
0113,25,3,3.0,103
0113,25,3,3.0,103
0113,26,3,3.0,103
0113,26,3,3.0,103
0113,27,3,3.0,103
0113,27,3,3.0,103
0113,28,3,3.0,103
0113,28,3,3.0,103
0113,29,3,3.0,103
0113,29,3,3.0,103
0113,30,3,3.0,103
0113,30,3,3.0,103
0113,31,3,3.0,104
0113,31,3,3.0,104
0113,32,3,3.0,104
0113,32,3,3.0,104
0113,33,3,3.0,104
0113,33,3,3.0,104
0113,34,3,3.0,104
0113,34,3,3.0,104
0113,35,3,3.0,104
0113,35,3,3.0,104
0113,36,3,3.0,104
0113,36,3,3.0,104
0113,37,3,3.0,99
0113,37,3,3.0,99
0113,38,3,3.0,99
0113,39,3,3.0,99
0113,39,3,3.0,99
0113,40,3,3.0,99
0113,40,3,3.0,99
0113,41,3,3.0,87
0113,41,3,3.0,87
0113,42,3,3.0,87
0113,42,2,3.0,87
0113,43,2,3.0,87
0113,43,2,3.0,87
0113,44,2,3.0,87
0113,44,2,3.0,87
0113,45,2,3.0,87
0113,45,2,3.0,87
0113,46,2,3.0,87
0113,46,2,3.0,87
0113,47,2,3.0,81
0113,47,2,3.0,81
0113,48,2,3.0,81
0113,48,2,3.0,81
0113,49,2,3.0,81
0113,49,2,3.0,81
0113,50,2,3.0,81
0113,50,2,3.0,81
0113,51,2,3.0,81
0113,51,2,3.0,81
0113,52,2,3.0,81
0113,52,2,3.0,81
0113,53,2,3.0,84
0113,53,2,3.0,84
0113,54,2,3.0,84
0113,54,2,3.0,84
0113,55,2,3.0,84
0113,55,2,3.0,84
0113,56,2,3.0,84
0113,56,2,3.0,84
0113,57,2,3.0,84
0113,57,2,3.0,84
0113,58,2,3.0,84
0113,58,2,3.0,84
0113,59,2,3.0,84
0113,59,2,3.0,84
0113,60,2,3.0,84
0113,60,2,3.0,84
0113,61,2,3.0,84
0113,61,2,3.0,84
0113,62,2,3.0,84
0113,62,2,3.0,84
0113,63,2,3.0,84
0113,63,2,3.0,84
0113,64,2,3.0,84
0113,64,2,3.0,84
0113,65,2,3.0,85
0113,65,2,3.0,85
0113,66,2,3.0,85
0113,66,2,3.0,85
0113,67,2,3.0,85
0113,68,2,3.0,85
0113,68,2,3.0,85
0113,69,2,3.0,85
0113,69,2,3.0,85
0113,70,2,3.0,85
0113,70,2,4.0,85
0113,71,2,4.0,88
0113,71,2,4.0,88
0113,72,2,4.0,88
0113,72,2,3.0,88
0113,73,2,3.0,88
0113,73,2,3.0,88
0113,74,2,3.0,88
0113,74,2,3.0,88
0113,75,2,3.0,88
0113,75,2,3.0,88
0113,76,2,4.0,88
0113,76,2,4.0,88
0113,77,2,4.0,88
0113,77,2,4.0,88
0113,78,2,4.0,88
0113,78,2,4.0,88
0113,79,2,4.0,88
0113,79,2,4.0,88
0113,80,2,4.0,88
0113,80,2,4.0,88
0113,81,2,4.0,88
0113,81,2,4.0,88
0113,82,2,4.0,88
0113,82,2,4.0,88
0113,83,2,4.0,90
0113,83,2,4.0,90
0113,84,2,4.0,90
0113,84,2,4.0,90
0113,85,2,4.0,90
0113,85,2,5.0,90
0113,86,2,5.0,90
0113,86,2,5.0,90
0113,87,2,5.0,90
0113,87,2,5.0,90
0113,88,2,5.0,90
0113,88,2,5.0,90
0113,89,2,5.0,90
0113,89,2,5.0,90
0113,90,2,5.0,90
0113,90,2,5.0,90
0113,91,2,5.0,90
0113,92,2,5.0,90
0113,92,2,5.0,90
0113,93,2,5.0,90
0113,93,2,5.0,90
0113,94,2,5.0,90
0113,94,2,5.0,90
0113,95,2,5.0,93
0113,95,2,5.0,93
0113,96,2,5.0,93
0113,96,2,5.0,93
0113,97,2,5.0,93
0113,97,2,5.0,93
0113,98,2,5.0,93
0113,98,2,5.0,93
0113,99,2,5.0,93
0113,99,2,5.0,93
0113,100,2,5.0,93
0113,100,2,5.0,93
0113,101,2,5.0,91
0113,101,2,5.0,91
0113,102,2,5.0,91
0113,102,2,5.0,91
0113,103,2,4.0,91
0113,103,2,4.0,91
0113,104,2,4.0,91
0113,104,2,4.0,91
0113,105,2,4.0,91
0113,105,2,4.0,91
0113,106,2,4.0,91
0113,107,2,4.0,93
0113,107,2,4.0,93
0113,108,2,4.0,93
0113,108,2,4.0,93
0113,109,2,4.0,93
0113,110,2,4.0,93
0113,110,2,4.0,93
0113,111,2,4.0,93
0113,111,2,4.0,93
0113,112,2,4.0,93
0113,112,2,4.0,93
0113,113,2,4.0,95
0113,113,2,4.0,95
0113,114,2,4.0,95
0113,114,2,4.0,95
0113,115,2,4.0,95
0113,115,2,4.0,95
0113,116,2,4.0,95
0113,116,2,4.0,95
0113,117,2,4.0,95
0113,118,2,4.0,95
0113,118,2,4.0,95
0113,119,2,4.0,101
0113,120,2,4.0,101
0113,120,2,4.0,101
0113,121,2,4.0,101
0113,122,2,4.0,101
0113,123,2,4.0,101
0113,124,2,4.0,101
0113,124,2,4.0,101
0113,125,2,4.0,103
0113,125,2,4.0,103
0113,126,2,3.0,103
0113,126,2,3.0,103
0113,127,2,3.0,103
0113,127,2,3.0,103
0113,128,2,3.0,103
0113,128,2,3.0,103
0113,129,2,3.0,103
0113,129,2,3.0,103
0113,130,2,3.0,103
0113,130,2,3.0,103
0113,131,2,3.0,106
0113,131,2,3.0,106
0113,132,2,3.0,106
0113,132,2,3.0,106
0113,133,2,3.0,106
0113,133,2,3.0,106
0113,134,2,3.0,106
0113,134,2,3.0,106
0113,135,2,3.0,106
0113,135,2,3.0,106
0113,136,2,3.0,106
0113,136,2,3.0,106
0113,137,2,3.0,106
0113,137,2,3.0,106
0113,138,2,3.0,106
0113,138,2,3.0,106
0113,139,2,3.0,106
0113,139,2,3.0,106
0113,140,2,3.0,106
0113,140,2,3.0,106
0113,141,2,3.0,106
0113,141,2,3.0,106
0113,142,2,3.0,110
0113,142,2,3.0,110
0113,143,2,3.0,110
0113,143,2,3.0,110
0113,144,2,3.0,112
0113,144,2,3.0,112
0114,1,2,3.0,112
0114,1,2,3.0,112
0114,2,2,3.0,112
0114,2,2,3.0,112
0114,3,2,3.0,112
0114,3,2,3.0,112
0114,4,2,3.0,112
0114,4,2,3.0,112
0114,5,2,3.0,112
0114,5,2,3.0,112
0114,6,2,3.0,112
0114,6,2,3.0,112
0114,7,2,3.0,112
0114,7,2,3.0,112
0114,8,2,3.0,112
0114,8,2,3.0,112
0114,9,2,3.0,112
0114,9,2,3.0,112
0114,10,2,3.0,112
0114,10,2,3.0,112
0114,11,2,3.0,115
0114,11,2,3.0,115
0114,12,2,3.0,115
0114,12,2,3.0,115
0114,13,2,3.0,115
0114,13,2,3.0,115
0114,14,2,3.0,115
0114,14,2,3.0,115
0114,15,2,3.0,115
0114,15,2,3.0,115
0114,16,2,3.0,115
0114,16,2,3.0,115
0114,17,2,3.0,115
0114,17,2,3.0,115
0114,18,2,3.0,115
0114,18,2,3.0,115
0114,19,2,3.0,115
0114,19,2,2.0,115
0114,20,2,2.0,115
0114,20,2,2.0,115
0114,21,2,2.0,115
0114,21,2,2.0,115
0114,22,2,2.0,115
0114,22,2,2.0,115
0114,23,2,2.0,115
0114,23,2,2.0,115
0114,24,2,2.0,118
0114,24,2,2.0,118
0114,25,2,2.0,118
0114,25,2,2.0,118
0114,26,2,2.0,118
0114,26,2,2.0,118
0114,27,2,2.0,118
0114,27,2,2.0,118
0114,28,2,2.0,118
0114,28,2,2.0,118
0114,29,2,2.0,118
0114,29,2,2.0,118
0114,30,2,2.0,118
0114,30,2,2.0,118
0114,31,2,2.0,118
0114,31,2,2.0,118
0114,32,2,2.0,118
0114,32,2,2.0,118
0114,33,2,2.0,118
0114,33,2,2.0,118
0114,34,2,2.0,115
0114,34,2,2.0,115
0114,35,2,2.0,116
0114,35,2,2.0,116
0114,36,2,2.0,116
0114,36,2,2.0,116
0114,37,2,2.0,116
0114,37,2,2.0,116
0114,38,2,2.0,116
0114,38,2,2.0,116
0114,39,2,2.0,116
0114,39,2,2.0,116
0114,40,2,2.0,116
0114,40,2,2.0,116
0114,41,2,2.0,115
0114,41,2,2.0,115
0114,42,2,2.0,115
0114,42,2,2.0,115
0114,43,2,2.0,115
0114,43,2,1.0,115
0114,44,2,1.0,115
0114,44,2,1.0,115
0114,45,2,1.0,115
0114,45,2,1.0,115
0114,46,2,1.0,115
0114,46,2,1.0,115
0114,47,2,1.0,111
0114,47,2,1.0,111
0114,48,2,1.0,111
0114,48,2,1.0,111
0114,49,2,1.0,111
0114,49,2,1.0,111
0114,50,2,2.0,111
0114,50,2,2.0,111
0114,51,2,2.0,111
0114,51,2,2.0,111
0114,52,2,2.0,111
0114,52,2,2.0,111
0114,53,2,2.0,108
0114,53,2,2.0,108
0114,54,2,2.0,108
0114,54,2,2.0,108
0114,55,2,2.0,108
0114,55,2,2.0,108
0114,56,2,2.0,108
0114,56,2,2.0,108
0114,57,2,3.0,108
0114,57,2,3.0,108
0114,58,2,3.0,108
0114,58,2,3.0,108
0114,59,2,3.0,114
0114,59,2,3.0,114
0114,60,2,3.0,114
0114,60,2,4.0,114
0114,61,2,4.0,114
0114,61,2,4.0,114
0114,62,2,4.0,114
0114,62,2,4.0,114
0114,63,2,4.0,114
0114,63,2,5.0,114
0114,64,2,5.0,114
0114,64,2,5.0,114
0114,65,2,5.0,122
0114,65,2,5.0,122
0114,66,2,5.0,122
0114,66,2,5.0,122
0114,67,2,5.0,122
0114,67,2,5.0,122
0114,68,2,5.0,122
0114,68,2,6.0,122
0114,69,2,6.0,122
0114,69,2,6.0,122
0114,70,2,6.0,122
0114,70,2,6.0,122
0114,71,2,6.0,131
0114,71,2,6.0,131
0114,72,2,6.0,131
0114,72,2,6.0,131
0114,73,2,7.0,131
0114,73,2,7.0,131
0114,74,2,7.0,131
0114,74,2,7.0,131
0114,75,2,7.0,131
0114,75,2,7.0,131
0114,76,2,7.0,131
0114,76,2,7.0,131
0114,77,2,7.0,128
0114,77,2,7.0,128
0114,78,2,7.0,128
0114,78,2,7.0,128
0114,79,2,7.0,128
0114,79,2,8.0,128
0114,80,2,7.0,128
0114,80,2,7.0,128
0114,81,2,7.0,128
0114,81,2,7.0,128
0114,82,2,8.0,128
0114,82,2,8.0,128
0114,83,2,8.0,125
0114,83,2,8.0,125
0114,84,2,8.0,125
0114,84,2,8.0,125
0114,85,2,8.0,125
0114,85,2,8.0,125
0114,86,2,8.0,125
0114,86,2,8.0,125
0114,87,2,8.0,125
0114,87,2,8.0,125
0114,88,2,9.0,125
0114,88,2,8.0,125
0114,89,2,8.0,121
0114,89,2,8.0,121
0114,90,2,8.0,121
0114,90,2,8.0,121
0114,91,2,8.0,121
0114,91,2,8.0,121
0114,92,2,8.0,121
0114,93,2,8.0,121
0114,93,2,8.0,121
0114,94,2,8.0,121
0114,94,2,8.0,121
0114,95,2,8.0,123
0114,95,2,8.0,123
0114,96,2,8.0,123
0114,96,2,8.0,123
0114,97,2,8.0,123
0114,97,2,8.0,123
0114,98,2,8.0,123
0114,98,2,8.0,123
0114,99,2,8.0,123
0114,99,2,8.0,123
0114,100,2,8.0,123
0114,100,2,8.0,123
0114,101,2,8.0,123
0114,101,2,8.0,123
0114,102,2,8.0,123
0114,102,2,8.0,123
0114,103,2,8.0,123
0114,103,2,8.0,123
0114,104,2,8.0,123
0114,104,2,8.0,123
0114,105,2,8.0,123
0114,105,2,7.0,123
0114,106,2,7.0,126
0114,106,2,7.0,126
0114,107,2,7.0,130
0114,107,2,7.0,130
0114,108,2,7.0,130
0114,108,2,7.0,130
0114,109,2,7.0,130
0114,109,2,7.0,130
0114,110,2,7.0,130
0114,110,2,7.0,130
0114,112,2,7.0,130
0114,112,2,7.0,130
0114,113,2,7.0,129
0114,113,2,7.0,129
0114,114,2,7.0,129
0114,115,2,7.0,129
0114,116,2,7.0,129
0114,117,2,7.0,129
0114,118,2,7.0,129
0114,118,2,7.0,129
0114,119,2,7.0,129
0114,120,2,7.0,129
0114,121,2,7.0,129
0114,121,2,7.0,129
0114,122,2,7.0,129
0114,123,2,7.0,129
0114,124,2,7.0,135
0114,125,2,7.0,141
0114,125,2,7.0,141
0114,126,2,7.0,141
0114,127,2,7.0,141
0114,128,2,7.0,141
0114,129,2,7.0,141
0114,130,2,7.0,141
0114,130,2,7.0,141
0114,131,2,7.0,141
0114,132,2,7.0,153
0114,133,3,7.0,153
0114,134,3,7.0,153
0114,134,3,7.0,153
0114,135,3,7.0,153
0114,136,3,6.0,153
0114,138,3,7.0,166
0114,138,3,7.0,166
0114,139,3,6.0,166
0114,139,3,6.0,166
0114,140,3,6.0,166
0114,140,3,6.0,166
0114,141,3,6.0,166
0114,141,3,6.0,166
0114,142,3,6.0,166
0115,4,3,5.0,174
0115,5,3,5.0,176
0115,5,3,5.0,176
0115,6,3,5.0,176
0115,6,3,5.0,176
0115,7,3,5.0,176
0115,7,3,5.0,176
0115,8,3,5.0,176
0115,8,3,5.0,176
0115,9,3,5.0,176
0115,9,3,5.0,176
0115,10,3,5.0,176
0115,11,3,5.0,188
0115,11,3,5.0,188
0115,12,3,5.0,188
0115,12,3,5.0,188
0115,13,3,5.0,188
0115,13,3,5.0,188
0115,14,3,5.0,188
0115,14,3,5.0,188
0115,15,3,5.0,188
0115,15,3,5.0,188
0115,16,3,5.0,188
0115,16,3,5.0,188
0115,17,3,5.0,188
0115,17,3,5.0,188
0115,18,3,5.0,188
0115,18,3,5.0,188
0115,19,3,5.0,187
0115,19,3,5.0,187
0115,20,3,5.0,187
0115,20,3,5.0,187
0115,21,3,5.0,187
0115,21,3,5.0,187
0115,22,3,5.0,187
0115,22,3,5.0,187
0115,23,3,5.0,187
0115,24,3,5.0,187
0115,24,3,5.0,187
0115,25,3,5.0,179
0115,25,3,5.0,179
0115,26,3,5.0,179
0115,26,3,5.0,179
0115,27,3,5.0,179
0115,27,3,5.0,179
0115,28,3,5.0,179
0115,28,3,5.0,179
0115,29,3,4.0,179
0115,29,3,4.0,179
0115,30,3,4.0,168
0115,30,3,4.0,168
0115,31,3,4.0,168
0115,31,3,4.0,168
0115,32,3,4.0,168
0115,32,3,4.0,168
0115,33,3,4.0,168
0115,33,3,4.0,168
0115,34,3,4.0,168
0115,34,3,4.0,168
0115,35,3,4.0,161
0115,35,3,4.0,161
0115,36,3,4.0,161
0115,36,3,4.0,161
0115,37,3,4.0,161
0115,37,3,4.0,161
0115,38,3,4.0,161
0115,38,3,4.0,161
0115,39,3,4.0,161
0115,39,3,4.0,161
0115,40,3,4.0,161
0115,40,3,4.0,161
0115,41,3,4.0,154
0115,41,3,4.0,154
0115,42,3,4.0,154
0115,42,2,4.0,154
0115,43,2,4.0,154
0115,43,2,4.0,154
0115,44,2,4.0,154
0115,44,2,4.0,154
0115,45,2,4.0,154
0115,45,2,4.0,154
0115,46,2,4.0,154
0115,48,2,4.0,154
0115,49,2,4.0,151
0115,52,2,4.0,151
0115,55,2,5.0,149
0115,59,2,6.0,146
0115,62,2,7.0,146
0115,65,2,8.0,141
0115,66,2,8.0,141
0115,68,2,9.0,141
0115,70,2,9.0,141
0115,72,2,9.0,141
0115,73,2,9.0,141
0115,74,2,9.0,141
0115,74,2,9.0,141
0115,75,2,9.0,141
0115,76,2,9.0,143
0115,77,2,9.0,123
0115,77,2,9.0,123
0115,78,2,9.0,123
0115,78,2,9.0,123
0115,79,2,9.0,123
0115,80,2,10.0,123
0115,81,2,10.0,123
0115,81,2,10.0,123
0115,82,2,10.0,123
0115,82,2,10.0,123
0115,83,2,10.0,97
0115,83,2,10.0,97
0115,84,2,10.0,97
0115,84,2,10.0,97
0115,85,2,10.0,97
0115,85,2,11.0,97
0115,86,2,11.0,97
0115,86,2,11.0,97
0115,87,2,11.0,97
0115,87,2,11.0,97
0115,88,2,11.0,97
0115,89,2,11.0,84
0115,90,2,11.0,84
0115,91,2,11.0,84
0115,93,2,11.0,84
0115,94,2,11.0,84
0115,96,2,10.0,83
0115,97,2,11.0,83
0115,98,2,11.0,83
0115,98,2,10.0,83
0115,99,2,10.0,83
0115,101,2,10.0,83
0115,102,2,10.0,83
0115,103,2,10.0,83
0115,104,2,9.0,83
0115,105,2,9.0,83
0115,106,2,9.0,81
0115,107,2,9.0,80
0115,107,2,9.0,80
0115,108,2,8.0,80
0115,109,2,8.0,80
0115,110,2,8.0,80
0115,111,2,8.0,80
0115,112,2,8.0,80
0115,113,2,7.0,79
0115,114,2,7.0,79
0115,115,2,7.0,79
0115,116,2,7.0,79
0115,117,2,7.0,79
0115,119,2,7.0,90
0115,120,2,7.0,90
0115,121,2,7.0,90
0115,123,2,6.0,90
0115,125,2,6.0,90
0115,126,2,6.0,90
0115,127,2,6.0,90
0115,128,2,6.0,90
0115,129,2,6.0,90
0115,131,2,6.0,117
0115,132,2,6.0,117
0115,133,2,6.0,117
0115,134,2,5.0,117
0115,135,2,5.0,117
0115,136,2,5.0,117
0115,137,2,5.0,134
0115,138,2,5.0,134
0115,138,2,5.0,134
0115,139,2,5.0,134
0115,139,2,5.0,134
0115,140,2,5.0,134
0115,141,2,5.0,134
0115,141,2,5.0,134
0115,142,2,5.0,134
0115,142,2,5.0,134
0115,143,2,5.0,132
0115,143,2,5.0,132
0115,144,2,5.0,132
0115,144,2,4.0,132
0116,1,2,4.0,132
0116,2,2,4.0,132
0116,3,2,4.0,132
0116,3,2,4.0,132
0116,4,2,4.0,132
0116,4,2,4.0,132
0116,5,2,4.0,128
0116,5,2,4.0,128
0116,6,2,4.0,128
0116,6,2,4.0,128
0116,7,2,4.0,128
0116,7,2,4.0,128
0116,8,2,4.0,128
0116,8,2,4.0,128
0116,9,2,4.0,128
0116,9,2,3.0,128
0116,10,2,3.0,128
0116,10,2,3.0,128
0116,11,2,3.0,128
0116,11,2,3.0,128
0116,12,2,3.0,128
0116,12,2,3.0,128
0116,13,2,3.0,136
0116,13,2,3.0,136
0116,14,2,3.0,136
0116,14,2,3.0,136
0116,15,2,3.0,136
0116,15,2,3.0,136
0116,16,2,3.0,136
0116,16,2,3.0,136
0116,17,2,3.0,136
0116,17,2,3.0,136
0116,18,2,3.0,136
0116,18,2,3.0,136
0116,19,2,3.0,136
0116,19,2,3.0,136
0116,20,2,3.0,136
0116,20,2,3.0,136
0116,21,2,3.0,136
0116,21,2,3.0,136
0116,22,2,3.0,139
0116,22,2,3.0,139
0116,23,2,3.0,143
0116,23,2,3.0,143
0116,24,2,3.0,143
0116,24,2,3.0,143
0116,25,2,3.0,143
0116,25,2,3.0,143
0116,26,2,3.0,143
0116,26,2,3.0,143
0116,27,2,3.0,143
0116,27,2,3.0,143
0116,28,2,3.0,143
0116,28,2,3.0,143
0116,29,2,3.0,127
0116,29,2,3.0,127
0116,30,2,3.0,127
0116,30,2,3.0,127
0116,31,2,3.0,127
0116,31,2,3.0,127
0116,32,2,3.0,127
0116,32,2,3.0,127
0116,33,2,3.0,127
0116,33,2,3.0,127
0116,34,2,3.0,127
0116,34,2,3.0,127
0116,35,2,2.0,120
0116,35,2,2.0,120
0116,36,2,3.0,120
0116,36,2,3.0,120
0116,37,2,3.0,120
0116,37,2,3.0,120
0116,38,2,2.0,120
0116,38,2,2.0,120
0116,39,2,2.0,120
0116,39,2,2.0,120
0116,40,2,2.0,120
0116,40,2,2.0,120
0116,41,2,2.0,119
0116,41,2,2.0,119
0116,42,2,2.0,119
0116,42,2,2.0,119
0116,43,2,3.0,119
0116,43,2,3.0,119
0116,44,2,3.0,119
0116,44,2,3.0,119
0116,45,2,3.0,119
0116,45,2,3.0,119
0116,46,8,3.0,119
0116,46,8,3.0,119
0116,47,8,3.0,115
0116,47,8,3.0,115
0116,48,8,3.0,115
0116,48,8,3.0,115
0116,49,8,3.0,115
0116,49,8,3.0,115
0116,50,8,3.0,115
0116,51,8,3.0,115
0116,52,8,3.0,115
0116,53,8,3.0,111
0116,54,8,3.0,111
0116,54,8,3.0,111
0116,55,8,3.0,111
0116,56,8,3.0,111
0116,57,8,3.0,111
0116,57,8,3.0,111
0116,58,8,3.0,111
0116,59,8,3.0,117
0116,60,8,3.0,117
0116,61,8,4.0,117
0116,62,8,4.0,117
0116,62,8,4.0,117
0116,63,8,4.0,117
0116,63,8,5.0,117
0116,64,8,5.0,117
0116,64,8,5.0,117
0116,65,8,5.0,128
0116,65,8,6.0,128
0116,66,8,6.0,128
0116,66,8,6.0,128
0116,67,8,6.0,128
0116,67,8,6.0,128
0116,68,8,6.0,128
0116,69,2,6.0,128
0116,69,2,8.0,128
0116,70,2,8.0,128
0116,70,2,8.0,128
0116,71,2,8.0,128
0116,71,2,8.0,128
0116,72,2,8.0,149
0116,72,2,9.0,149
0116,73,2,9.0,149
0116,73,2,9.0,149
0116,74,2,9.0,149
0116,74,2,9.0,149
0116,75,2,9.0,149
0116,75,2,9.0,149
0116,76,2,9.0,149
0116,76,2,9.0,149
0116,77,2,9.0,161
0116,77,2,9.0,161
0116,78,2,10.0,161
0116,78,2,10.0,161
0116,79,2,10.0,161
0116,79,2,10.0,161
0116,80,2,10.0,161
0116,80,2,10.0,161
0116,81,2,10.0,161
0116,81,2,10.0,161
0116,82,2,10.0,161
0116,82,2,10.0,161
0116,83,2,10.0,153
0116,83,2,10.0,153
0116,84,2,10.0,153
0116,84,2,10.0,153
0116,85,2,11.0,153
0116,85,2,11.0,153
0116,86,2,11.0,153
0116,86,2,11.0,153
0116,87,2,11.0,153
0116,87,2,11.0,153
0116,88,2,11.0,153
0116,88,2,11.0,153
0116,89,2,11.0,128
0116,89,2,11.0,128
0116,90,2,11.0,128
0116,90,2,11.0,128
0116,91,2,11.0,128
0116,91,2,11.0,128
0116,92,2,11.0,128
0116,92,2,11.0,128
0116,93,2,11.0,128
0116,94,2,11.0,128
0116,94,2,11.0,128
0116,95,2,11.0,122
0116,95,2,11.0,122
0116,96,2,11.0,122
0116,97,2,11.0,122
0116,97,2,11.0,122
0116,98,2,11.0,122
0116,99,2,11.0,122
0116,101,2,11.0,115
0116,102,2,11.0,115
0116,103,2,11.0,115
0116,103,2,10.0,115
0116,104,2,10.0,115
0116,105,2,10.0,115
0116,106,2,10.0,115
0116,106,2,10.0,115
0116,107,2,10.0,106
0116,108,2,10.0,106
0116,110,2,9.0,106
0116,111,2,9.0,106
0116,112,2,9.0,106
0116,113,2,9.0,108
0116,113,2,9.0,108
0116,114,2,9.0,108
0116,115,2,9.0,108
0116,117,2,8.0,108
0116,118,2,8.0,108
0116,120,2,8.0,120
0116,122,2,9.0,120
0116,123,3,8.0,120
0116,125,3,8.0,119
0116,126,3,8.0,119
0116,128,3,8.0,119
0116,130,3,9.0,119
0116,131,3,9.0,113
0116,132,3,9.0,113
0116,133,4,9.0,113
0116,134,4,8.0,113
0116,136,4,8.0,113
0116,137,4,8.0,113
0116,137,4,7.0,113
0116,138,4,7.0,108
0116,139,4,7.0,108
0116,139,4,7.0,108
0116,140,4,7.0,108
0116,141,4,7.0,108
0116,141,4,7.0,108
0116,142,4,7.0,108
0116,143,4,7.0,105
0116,143,4,7.0,105
0116,144,4,7.0,105
0116,144,4,7.0,105
0117,1,4,7.0,105
0117,1,4,7.0,105
0117,2,4,7.0,105
0117,2,4,7.0,105
0117,3,4,7.0,105
0117,3,4,7.0,105
0117,4,4,7.0,105
0117,4,4,7.0,105
0117,5,4,7.0,112
0117,5,4,7.0,112
0117,6,4,7.0,112
0117,6,4,7.0,112
0117,7,4,7.0,112
0117,7,4,7.0,112
0117,8,4,7.0,112
0117,8,4,7.0,112
0117,9,4,7.0,112
0117,9,4,7.0,112
0117,10,4,7.0,112
0117,11,4,7.0,118
0117,11,4,7.0,118
0117,12,4,7.0,118
0117,12,4,7.0,118
0117,13,4,7.0,118
0117,13,4,7.0,118
0117,14,4,7.0,118
0117,14,4,7.0,118
0117,15,4,7.0,118
0117,15,4,6.0,118
0117,16,4,6.0,118
0117,16,4,6.0,118
0117,17,4,6.0,115
0117,17,4,6.0,115
0117,18,4,6.0,115
0117,18,4,6.0,115
0117,19,4,6.0,115
0117,19,4,6.0,115
0117,20,4,6.0,115
0117,20,4,6.0,115
0117,21,4,6.0,115
0117,21,4,6.0,115
0117,22,4,6.0,115
0117,22,4,6.0,115
0117,23,4,6.0,117
0117,23,4,6.0,117
0117,24,4,6.0,117
0117,24,4,6.0,117
0117,25,4,6.0,117
0117,26,4,6.0,117
0117,26,4,6.0,117
0117,27,4,6.0,117
0117,27,4,6.0,117
0117,28,4,6.0,117
0117,28,4,6.0,117
0117,29,4,6.0,117
0117,30,4,6.0,110
0117,30,4,6.0,110
0117,31,4,6.0,110
0117,31,4,6.0,110
0117,32,4,6.0,110
0117,32,4,6.0,110
0117,33,4,6.0,110
0117,33,4,6.0,110
0117,34,4,6.0,110
0117,34,4,6.0,110
0117,35,4,6.0,110
0117,35,4,6.0,110
0117,36,4,6.0,102
0117,36,4,6.0,102
0117,37,4,6.0,102
0117,37,4,6.0,102
0117,38,4,6.0,102
0117,38,4,6.0,102
0117,39,4,6.0,102
0117,39,4,6.0,102
0117,40,4,6.0,102
0117,40,4,6.0,102
0117,41,4,6.0,102
0117,41,4,6.0,102
0117,42,4,6.0,104
0117,42,4,6.0,104
0117,43,8,6.0,104
0117,43,8,6.0,104
0117,44,8,6.0,104
0117,45,8,6.0,104
0117,46,8,6.0,104
0117,47,8,6.0,97
0117,48,8,6.0,97
0117,50,8,6.0,97
0117,51,4,6.0,97
0117,52,4,6.0,97
0117,53,4,6.0,93
0117,54,4,6.0,93
0117,55,4,6.0,93
0117,56,4,6.0,93
0117,57,4,6.0,93
0117,58,4,6.0,93
0117,59,4,6.0,75
0117,60,4,6.0,75
0117,62,4,6.0,75
0117,63,4,6.0,75
0117,65,4,6.0,75
0117,66,4,6.0,55
0117,67,4,6.0,55
0117,68,4,6.0,55
0117,69,4,6.0,55
0117,70,4,6.0,55
0117,71,4,6.0,58
0117,72,4,6.0,58
0117,74,4,6.0,58
0117,75,4,6.0,58
0117,76,4,6.0,58
0117,77,4,6.0,53
0117,77,4,6.0,53
0117,78,4,6.0,53
0117,78,4,6.0,53
0117,79,4,6.0,53
0117,79,4,6.0,53
0117,80,4,6.0,53
0117,81,4,6.0,53
0117,81,4,6.0,53
0117,82,4,6.0,53
0117,82,4,6.0,53
0117,83,4,6.0,51
0117,83,4,6.0,51
0117,84,4,6.0,51
0117,84,4,6.0,51
0117,85,4,6.0,51
0117,85,4,6.0,51
0117,86,4,6.0,51
0117,86,4,6.0,51
0117,87,4,6.0,51
0117,87,4,6.0,51
0117,88,4,6.0,51
0117,88,4,6.0,51
0117,89,4,6.0,50
0117,90,4,6.0,50
0117,90,4,6.0,50
0117,91,4,6.0,50
0117,91,4,6.0,50
0117,92,4,6.0,50
0117,92,4,6.0,50
0117,93,4,6.0,50
0117,94,4,6.0,50
0117,94,4,6.0,50
0117,95,4,6.0,48
0117,96,4,6.0,48
0117,96,4,6.0,48
0117,97,4,6.0,48
0117,97,4,6.0,48
0117,99,4,6.0,48
0117,100,4,6.0,48
0117,100,4,6.0,48
0117,101,4,6.0,52
0117,102,4,6.0,52
0117,103,4,6.0,52
0117,104,4,6.0,52
0117,105,4,6.0,52
0117,107,4,6.0,67
0117,108,4,6.0,67
0117,109,4,5.0,67
0117,110,4,5.0,67
0117,111,4,5.0,67
0117,112,4,5.0,67
0117,113,4,5.0,85
0117,114,4,5.0,85
0117,115,4,5.0,85
0117,116,4,5.0,85
0117,117,4,5.0,85
0117,118,4,5.0,85
0117,120,4,5.0,106
0117,122,4,4.0,106
0117,123,2,4.0,106
0117,124,2,4.0,106
0117,125,2,4.0,102
0117,126,2,4.0,102
0117,127,2,3.0,102
0117,128,2,3.0,102
0117,129,2,3.0,102
0117,130,2,3.0,102
0117,131,2,3.0,96
0117,132,2,3.0,96
0117,133,3,3.0,96
0117,134,3,3.0,96
0117,135,3,3.0,96
0117,136,3,4.0,96
0117,136,3,4.0,96
0117,137,3,4.0,96
0117,137,3,4.0,96
0117,138,3,4.0,96
0117,138,3,4.0,96
0117,139,3,3.0,96
0117,139,3,3.0,96
0117,140,3,3.0,96
0117,140,3,3.0,96
0117,141,3,3.0,96
0117,141,3,3.0,96
0117,142,3,3.0,91
0117,142,3,3.0,91
0117,143,3,3.0,88
0117,143,3,3.0,88
0117,144,3,3.0,88
0117,144,3,3.0,88
0118,1,3,3.0,88
0118,1,3,3.0,88
0118,2,3,3.0,88
0118,2,3,3.0,88
0118,3,3,3.0,88
0118,3,3,3.0,88
0118,4,3,3.0,88
0118,4,3,3.0,88
0118,5,3,3.0,88
0118,5,3,3.0,88
0118,6,3,3.0,82
0118,6,3,3.0,82
0118,7,3,3.0,82
0118,7,3,3.0,82
0118,8,3,3.0,82
0118,8,3,3.0,82
0118,9,3,3.0,82
0118,9,3,3.0,82
0118,10,3,3.0,82
0118,10,3,3.0,82
0118,11,3,3.0,78
0118,11,3,3.0,78
0118,12,3,3.0,78
0118,12,3,3.0,78
0118,13,3,3.0,78
0118,13,3,3.0,78
0118,14,3,3.0,78
0118,14,3,3.0,78
0118,15,3,3.0,78
0118,15,3,3.0,78
0118,16,3,3.0,78
0118,16,3,3.0,78
0118,17,3,3.0,74
0118,17,3,3.0,74
0118,18,3,3.0,74
0118,18,3,3.0,74
0118,19,3,3.0,74
0118,19,3,3.0,74
0118,20,3,3.0,74
0118,20,3,3.0,74
0118,21,3,3.0,74
0118,21,3,3.0,74
0118,22,3,3.0,74
0118,22,3,3.0,74
0118,23,3,3.0,72
0118,23,3,3.0,72
0118,24,3,3.0,72
0118,24,3,3.0,72
0118,25,3,3.0,72
0118,25,3,3.0,72
0118,26,3,2.0,72
0118,26,3,2.0,72
0118,27,3,2.0,72
0118,27,3,2.0,72
0118,28,3,3.0,72
0118,28,3,3.0,72
0118,29,3,3.0,72
0118,29,3,2.0,72
0118,30,3,2.0,72
0118,30,3,2.0,72
0118,31,3,2.0,72
0118,31,3,2.0,72
0118,32,3,2.0,72
0118,32,3,2.0,72
0118,33,3,2.0,72
0118,33,3,2.0,72
0118,34,3,2.0,72
0118,34,3,3.0,72
0118,35,3,3.0,72
0118,35,3,3.0,72
0118,36,3,3.0,72
0118,36,3,3.0,72
0118,37,3,3.0,72
0118,37,3,3.0,72
0118,38,3,3.0,72
0118,38,3,3.0,72
0118,39,3,3.0,72
0118,39,3,3.0,72
0118,40,3,3.0,72
0118,40,3,3.0,72
0118,41,3,3.0,81
0118,41,3,3.0,81
0118,42,3,3.0,81
0118,42,3,3.0,81
0118,43,2,3.0,81
0118,44,2,3.0,81
0118,45,2,3.0,81
0118,46,2,3.0,81
0118,48,2,3.0,100
0118,49,2,3.0,100
0118,51,2,4.0,100
0118,53,2,4.0,153
0118,56,2,4.0,153
0118,58,2,4.0,153
0118,60,2,4.0,271
0118,62,9,5.0,271
0118,66,2,5.0,200
0118,67,2,5.0,200
0118,68,2,5.0,200
0118,70,2,6.0,200
0118,71,2,6.0,227
0118,72,2,6.0,227
0118,74,2,6.0,227
0118,75,2,6.0,227
0118,76,2,7.0,227
0118,77,9,7.0,247
0118,78,9,6.0,247
0118,79,9,6.0,247
0118,80,9,5.0,247
0118,82,2,5.0,247
0118,83,2,5.0,247
0118,85,9,6.0,263
0118,86,9,6.0,263
0118,87,2,6.0,263
0118,88,2,6.0,263
0118,89,9,6.0,276
0118,90,9,6.0,276
0118,91,9,6.0,276
0118,93,9,5.0,276
0118,94,9,6.0,276
0118,95,9,5.0,263
0118,97,2,5.0,263
0118,98,2,5.0,263
0118,99,2,5.0,263
0118,100,2,5.0,263
0118,102,2,5.0,260
0118,103,2,5.0,260
0118,105,2,5.0,260
0118,106,2,5.0,260
0118,107,2,5.0,244
0118,108,2,5.0,244
0118,109,2,5.0,244
0118,110,2,4.0,244
0118,111,2,4.0,244
0118,112,2,4.0,244
0118,113,2,4.0,232
0118,116,2,4.0,232
0118,118,2,3.0,232
0118,119,2,3.0,238
0118,120,2,3.0,238
0118,122,2,3.0,238
0118,123,2,3.0,238
0118,125,2,3.0,238
0118,127,2,3.0,238
0118,130,2,3.0,230
0118,132,2,3.0,203
0118,133,2,3.0,203
0118,135,2,3.0,203
0118,137,2,3.0,203
0118,138,2,3.0,203
0118,138,2,3.0,203
0118,139,2,3.0,203
0118,140,2,3.0,203
0118,140,2,3.0,203
0118,141,2,3.0,203
0118,141,2,3.0,203
0118,142,2,3.0,195
0118,142,2,3.0,195
0118,143,2,3.0,195
0118,143,2,3.0,195
0118,144,2,3.0,195
0118,144,2,3.0,195
0119,1,2,3.0,195
0119,1,2,3.0,195
0119,2,2,3.0,195
0119,2,2,3.0,195
0119,3,2,3.0,195
0119,3,2,3.0,195
0119,4,2,3.0,198
0119,4,2,3.0,198
0119,5,2,2.0,203
0119,5,2,2.0,203
0119,6,1,2.0,203
0119,6,1,2.0,203
0119,7,1,2.0,203
0119,7,1,2.0,203
0119,8,1,2.0,203
0119,8,1,2.0,203
0119,9,1,2.0,203
0119,9,1,2.0,203
0119,10,1,2.0,203
0119,10,1,2.0,203
0119,11,1,2.0,199
0119,11,1,2.0,199
0119,12,1,2.0,199
0119,12,1,2.0,199
0119,13,1,2.0,199
0119,13,1,2.0,199
0119,14,1,2.0,199
0119,14,1,2.0,199
0119,15,1,2.0,199
0119,15,1,2.0,199
0119,16,1,2.0,199
0119,16,1,2.0,199
0119,17,1,1.0,199
0119,17,1,1.0,199
0119,18,1,1.0,186
0119,18,1,1.0,186
0119,19,1,1.0,186
0119,19,1,1.0,186
0119,20,1,1.0,186
0119,20,1,1.0,186
0119,21,1,1.0,186
0119,21,1,1.0,186
0119,22,1,1.0,186
0119,22,1,1.0,186
0119,23,1,1.0,173
0119,23,1,1.0,173
0119,24,1,1.0,173
0119,24,1,1.0,173
0119,25,1,1.0,173
0119,25,1,1.0,173
0119,26,1,1.0,173
0119,26,1,1.0,173
0119,27,1,1.0,173
0119,27,1,1.0,173
0119,28,1,1.0,173
0119,28,1,1.0,173
0119,29,1,1.0,173
0119,29,1,1.0,173
0119,30,1,1.0,159
0119,30,1,1.0,159
0119,31,1,1.0,159
0119,31,1,1.0,159
0119,32,1,1.0,159
0119,32,1,0.0,159
0119,33,1,0.0,159
0119,33,1,0.0,159
0119,34,1,0.0,159
0119,34,1,0.0,159
0119,35,1,0.0,150
0119,35,1,0.0,150
0119,36,1,0.0,150
0119,36,1,0.0,150
0119,37,1,0.0,150
0119,37,1,0.0,150
0119,38,1,0.0,150
0119,38,1,0.0,150
0119,39,1,0.0,150
0119,39,1,0.0,150
0119,40,1,0.0,150
0119,40,1,0.0,150
0119,41,1,0.0,148
0119,41,1,0.0,148
0119,42,1,0.0,148
0119,43,2,0.0,148
0119,44,2,0.0,148
0119,44,2,0.0,148
0119,45,2,0.0,148
0119,46,2,0.0,148
0119,47,2,0.0,151
0119,48,2,0.0,151
0119,50,2,0.0,151
0119,52,2,1.0,151
0119,54,2,1.0,160
0119,56,2,2.0,160
0119,58,2,2.0,160
0119,60,2,3.0,160
0119,61,2,3.0,160
0119,63,2,3.0,160
0119,65,2,3.0,160
0119,67,2,3.0,160
0119,68,2,3.0,160
0119,70,2,4.0,160
0119,71,2,4.0,160
0119,72,2,4.0,151
0119,73,2,4.0,151
0119,74,2,4.0,151
0119,75,2,4.0,151
0119,76,2,4.0,151
0119,77,2,4.0,124
0119,79,2,4.0,124
0119,79,2,5.0,124
0119,80,2,5.0,124
0119,81,2,5.0,124
0119,82,2,5.0,124
0119,83,2,5.0,114
0119,84,2,5.0,114
0119,85,2,5.0,114
0119,86,2,5.0,114
0119,88,2,5.0,114
0119,89,2,5.0,103
0119,90,2,5.0,103
0119,91,2,5.0,103
0119,92,2,5.0,103
0119,94,2,5.0,103
0119,95,2,5.0,96
0119,96,2,5.0,96
0119,97,2,5.0,96
0119,99,2,4.0,96
0119,100,2,4.0,96
0119,101,2,4.0,96
0119,103,2,4.0,96
0119,104,2,4.0,96
0119,106,2,3.0,91
0119,107,2,3.0,91
0119,109,2,3.0,91
0119,111,2,3.0,91
0119,113,2,3.0,98
0119,117,2,3.0,98
0119,120,2,3.0,98
0119,123,1,3.0,98
0119,131,1,2.0,104
0119,133,2,1.0,112
0119,135,2,1.0,112
0119,136,2,2.0,112
0119,137,2,1.0,112
0119,138,2,1.0,112
0119,139,2,1.0,112
0119,140,2,1.0,112
0119,141,2,1.0,112
0119,141,2,1.0,112
0119,142,2,1.0,102
0119,142,2,1.0,102
0119,143,2,1.0,102
0119,143,2,1.0,102
0119,144,2,1.0,102
0120,2,2,1.0,102
0120,2,2,1.0,102
0120,3,2,1.0,102
0120,3,2,1.0,102
0120,4,2,1.0,100
0120,4,2,1.0,100
0120,5,2,1.0,100
0120,5,2,1.0,100
0120,6,2,1.0,108
0120,6,2,1.0,108
0120,7,2,1.0,108
0120,7,2,1.0,108
0120,8,2,1.0,108
0120,8,2,1.0,108
0120,9,2,1.0,108
0120,9,2,0.0,108
0120,10,2,0.0,108
0120,10,2,0.0,108
0120,11,2,0.0,108
0120,11,2,0.0,108
0120,12,2,0.0,108
0120,12,2,0.0,108
0120,13,2,0.0,108
0120,13,2,0.0,108
0120,14,2,0.0,108
0120,14,2,0.0,108
0120,15,2,0.0,108
0120,15,2,0.0,108
0120,16,2,1.0,108
0120,16,2,1.0,108
0120,17,2,1.0,106
0120,17,2,0.0,106
0120,18,2,0.0,106
0120,18,2,1.0,106
0120,19,2,1.0,106
0120,19,2,1.0,106
0120,20,2,1.0,106
0120,20,2,1.0,106
0120,21,2,1.0,106
0120,21,2,1.0,106
0120,22,2,1.0,106
0120,22,2,1.0,106
0120,23,2,1.0,107
0120,23,2,1.0,107
0120,24,2,1.0,107
0120,24,2,1.0,107
0120,25,2,1.0,107
0120,25,2,1.0,107
0120,26,2,1.0,107
0120,26,2,1.0,107
0120,27,2,1.0,107
0120,27,2,1.0,107
0120,28,2,1.0,107
0120,28,2,1.0,107
0120,29,2,1.0,107
0120,29,2,1.0,107
0120,30,2,1.0,112
0120,30,2,1.0,112
0120,31,2,1.0,112
0120,31,2,1.0,112
0120,32,2,1.0,112
0120,32,2,1.0,112
0120,33,2,1.0,112
0120,33,2,1.0,112
0120,34,2,1.0,112
0120,34,2,1.0,112
0120,35,2,1.0,110
0120,35,2,1.0,110
0120,36,2,1.0,110
0120,36,2,1.0,110
0120,37,2,1.0,110
0120,37,2,1.0,110
0120,38,2,1.0,110
0120,38,2,1.0,110
0120,39,2,1.0,110
0120,39,2,1.0,110
0120,40,2,1.0,110
0120,40,2,1.0,110
0120,41,2,1.0,106
0120,41,2,1.0,106
0120,42,2,1.0,106
0120,42,2,1.0,106
0120,43,1,1.0,106
0120,44,1,1.0,106
0120,45,1,1.0,106
0120,46,1,1.0,106
0120,47,1,1.0,94
0120,48,1,1.0,94
0120,51,2,1.0,94
0120,53,2,1.0,82
0120,55,2,2.0,82
0120,58,2,2.0,82
0121,43,4,1.0,49
0121,44,4,1.0,49
0121,46,4,1.0,49
0121,48,4,1.0,50
0121,50,4,1.0,50
0121,54,4,1.0,49
0121,57,4,1.0,49
0121,59,4,1.0,49
0121,115,4,1.0,44
0121,117,4,1.0,44
0121,118,4,2.0,44
0121,119,4,1.0,48
0121,120,4,1.0,48
0121,121,4,1.0,48
0121,122,4,1.0,48
0121,122,4,1.0,48
0121,123,2,1.0,48
0121,124,2,1.0,48
0121,125,2,1.0,53
0121,126,2,1.0,53
0121,127,2,1.0,53
0121,128,2,1.0,53
0121,129,2,1.0,53
0121,130,2,1.0,53
0121,131,2,1.0,53
0121,132,2,1.0,53
0121,133,2,1.0,53
0121,134,2,1.0,53
0121,135,2,1.0,53
0121,135,2,1.0,53
0121,136,2,1.0,58
0121,137,2,1.0,58
0121,137,2,1.0,58
0121,138,2,1.0,58
0121,138,2,1.0,58
0121,139,2,1.0,58
0121,139,2,1.0,58
0121,140,2,1.0,58
0121,140,2,1.0,58
0121,141,2,1.0,58
0121,141,2,1.0,58
0121,142,2,1.0,58
0121,142,2,1.0,58
0121,143,2,1.0,59
0121,143,2,1.0,59
0121,144,2,1.0,59
0121,144,2,1.0,59
